t,deg,mixed_signal
0.0,0.0,4.411255289820702
0.0005,0.18,4.3596754029594695
0.001,0.36,4.293343905437827
0.0015,0.54,4.172228321437602
0.002,0.72,4.035366446701018
0.0025,0.8999999999999999,3.9132901917588905
0.003,1.08,3.827410472974994
0.0035,1.26,3.7534600741003588
0.004,1.44,3.7422856178242614
0.0045000000000000005,1.6199999999999999,3.7010452503635447
0.005,1.7999999999999998,3.6604100400066684
0.0055,1.98,3.5905791504320614
0.006,2.16,3.46441554016492
0.006500000000000001,2.34,3.372519282235462
0.007,2.52,3.318032467919536
0.0075,2.6999999999999997,3.303808210043209
0.008,2.88,3.3189672208799976
0.0085,3.06,3.384003887187306
0.009000000000000001,3.2399999999999998,3.4671235158690905
0.0095,3.42,3.49374954580807
0.01,3.5999999999999996,3.5075542507417254
0.0105,3.78,3.462179405826294
0.011,3.96,3.3496669261812073
0.0115,4.14,3.1966889374215204
0.012,4.32,3.0369263606695975
0.0125,4.5,2.9194459397513404
0.013000000000000001,4.68,2.8221170259202566
0.0135,4.859999999999999,2.732889117538362
0.014,5.04,2.634319449801226
0.0145,5.22,2.541179586899592
0.015,5.3999999999999995,2.3885877425731157
0.0155,5.58,2.2309184478528663
0.016,5.76,2.075170264965041
0.0165,5.9399999999999995,1.8615587313061537
0.017,6.12,1.6800768592305517
0.0175,6.3,1.5413214491532456
0.018000000000000002,6.4799999999999995,1.4782845410568421
0.0185,6.66,1.4112059042529415
0.019,6.84,1.3860177606371973
0.0195,7.02,1.3519441441582338
0.02,7.199999999999999,1.2713475563496413
0.0205,7.38,1.1643522040685668
0.021,7.56,1.0216417475169648
0.021500000000000002,7.739999999999999,0.8568774572339479
0.022,7.92,0.714702946124813
0.0225,8.1,0.5861941469023493
0.023,8.28,0.4853165123061246
0.0235,8.459999999999999,0.4376164089363817
0.024,8.64,0.3718924516657806
0.0245,8.82,0.3186438632208249
0.025,9.0,0.18840992586230296
0.025500000000000002,9.18,0.05097174977433634
0.026000000000000002,9.36,-0.12358138889747906
0.0265,9.54,-0.317443808634631
0.027,9.719999999999999,-0.5115412740822513
0.0275,9.9,-0.6573831368644907
0.028,10.08,-0.7765935360872319
0.0285,10.26,-0.8806230686191688
0.029,10.44,-0.9437535435160134
0.029500000000000002,10.62,-1.0662920425219011
0.03,10.799999999999999,-1.1985743564636588
0.0305,10.98,-1.3678996022315935
0.031,11.16,-1.5615033033154493
0.0315,11.34,-1.7486121781581325
0.032,11.52,-1.929998056507596
0.0325,11.7,-2.06028201561945
0.033,11.879999999999999,-2.1664340414078618
0.0335,12.059999999999999,-2.214778843466678
0.034,12.24,-2.2218367412663036
0.0345,12.42,-2.2617046282079345
0.035,12.6,-2.294407350040061
0.035500000000000004,12.78,-2.35571803217825
0.036000000000000004,12.959999999999999,-2.440599541546898
0.0365,13.139999999999999,-2.546466308492109
0.037,13.32,-2.656976271613522
0.0375,13.5,-2.732585953236635
0.038,13.68,-2.7900339911407337
0.0385,13.86,-2.784949977183557
0.039,14.04,-2.8394801990843166
0.0395,14.219999999999999,-2.881383093182097
0.04,14.399999999999999,-2.972207854305367
0.0405,14.58,-3.1232814580447776
0.041,14.76,-3.29681685051627
0.0415,14.94,-3.504844163137929
0.042,15.12,-3.686278692108379
0.0425,15.299999999999999,-3.8289991776085195
0.043000000000000003,15.479999999999999,-3.9133693695076697
0.043500000000000004,15.66,-3.96178261565392
0.044,15.84,-3.950234426398404
0.0445,16.02,-3.981459493223082
0.045,16.2,-3.9604922463176657
0.0455,16.38,-3.9739231927417706
0.046,16.56,-4.014932806779445
0.0465,16.74,-4.022328782062895
0.047,16.919999999999998,-4.007351697552912
0.0475,17.099999999999998,-3.9863028439671035
0.048,17.28,-3.914412656982031
0.0485,17.46,-3.807519309238677
0.049,17.64,-3.7012443756313753
0.0495,17.82,-3.607988828564021
0.05,18.0,-3.588013997783097
0.0505,18.18,-3.6365722458747287
0.051000000000000004,18.36,-3.697506869278212
0.051500000000000004,18.54,-3.8072555060997053
0.052000000000000005,18.72,-3.918936526246769
0.0525,18.9,-3.996894508200025
0.053,19.08,-4.028711663965917
0.0535,19.259999999999998,-4.01601120174627
0.054,19.439999999999998,-4.007544842839528
0.0545,19.62,-3.970163644706902
0.055,19.8,-3.9822871650561695
0.0555,19.98,-3.9746692799362395
0.056,20.16,-3.985631361133141
0.0565,20.34,-3.946460429877509
0.057,20.52,-3.9171936085578105
0.0575,20.7,-3.8238654499913425
0.058,20.88,-3.6671507438030244
0.0585,21.06,-3.4943907083204717
0.059000000000000004,21.24,-3.2884415708835086
0.059500000000000004,21.419999999999998,-3.126725193370345
0.06,21.599999999999998,-2.9735575067858737
0.0605,21.779999999999998,-2.8797830808331564
0.061,21.96,-2.8227650356004403
0.0615,22.14,-2.8033314579018196
0.062,22.32,-2.7776028307695135
0.0625,22.5,-2.743678478283449
0.063,22.68,-2.670356932735789
0.0635,22.86,-2.5438373769424625
0.064,23.04,-2.4359457006324408
0.0645,23.22,-2.3506199948551547
0.065,23.4,-2.2940199307320164
0.0655,23.58,-2.236509883200477
0.066,23.759999999999998,-2.224917061808825
0.0665,23.939999999999998,-2.182287054779556
0.067,24.119999999999997,-2.154836911053806
0.0675,24.3,-2.0706646584248176
0.068,24.48,-1.9539882618219826
0.0685,24.66,-1.7554351119743596
0.069,24.84,-1.571244170172252
0.0695,25.02,-1.362547617554651
0.07,25.2,-1.1949768835898362
0.07050000000000001,25.38,-1.0673731591290299
0.07100000000000001,25.56,-0.9841071894000082
0.07150000000000001,25.74,-0.8780626853923001
0.07200000000000001,25.919999999999998,-0.8011805232679315
0.0725,26.099999999999998,-0.6632989893539726
0.073,26.279999999999998,-0.5075786521619158
0.0735,26.459999999999997,-0.32689046128646276
0.074,26.64,-0.12920626513632968
0.0745,26.82,0.05129366064935829
0.075,27.0,0.20984468311429713
0.0755,27.18,0.31669628773956837
0.076,27.36,0.3822700201423355
0.0765,27.54,0.43835832300075483
0.077,27.72,0.49617180076000117
0.0775,27.9,0.5766132745334736
0.078,28.08,0.7019415797961359
0.0785,28.259999999999998,0.8607453651814582
0.079,28.439999999999998,1.0159991640644577
0.0795,28.619999999999997,1.1552952792607805
0.08,28.799999999999997,1.2784270012990737
0.0805,28.98,1.3569750430933136
0.081,29.16,1.3928238787657357
0.0815,29.34,1.4046693737094844
0.082,29.52,1.454967521877888
0.0825,29.7,1.5647305842525223
0.083,29.88,1.6931560873326597
0.0835,30.06,1.8421808386422824
0.084,30.24,2.0461983200065834
0.0845,30.419999999999998,2.2482377975869974
0.085,30.599999999999998,2.4159041812015145
0.0855,30.779999999999998,2.5349993354440383
0.08600000000000001,30.959999999999997,2.6377105533610745
0.08650000000000001,31.14,2.7285594101336414
0.08700000000000001,31.32,2.8203539298717493
0.08750000000000001,31.5,2.931036730241804
0.088,31.68,3.0682060509266633
0.0885,31.86,3.217655955890923
0.089,32.04,3.3393823925440813
0.0895,32.22,3.4373165706007147
0.09,32.4,3.491296933272674
0.0905,32.58,3.497478346748933
0.091,32.76,3.446490971294891
0.0915,32.94,3.397971657972372
0.092,33.12,3.333357774579453
0.0925,33.3,3.292816464930525
0.093,33.48,3.313679355808135
0.0935,33.66,3.3762694901271293
0.094,33.839999999999996,3.476977889014934
0.0945,34.019999999999996,3.553393814693536
0.095,34.199999999999996,3.634937398617144
0.0955,34.379999999999995,3.6983703178023086
0.096,34.56,3.7619396780324124
0.0965,34.74,3.782668528466597
0.097,34.92,3.8370771452470485
0.0975,35.1,3.901088077558391
0.098,35.28,4.02012292220129
0.0985,35.46,4.155307919697694
0.099,35.64,4.262835211458178
0.0995,35.82,4.373915879422295
0.1,36.0,4.413022295486235
0.1005,36.18,4.342427953972307
0.101,36.36,4.282963788966263
0.1015,36.54,4.148488663590909
0.10200000000000001,36.72,4.032343279007345
0.10250000000000001,36.9,3.9315054987968265
0.10300000000000001,37.08,3.829494729290432
0.10350000000000001,37.26,3.7693211529184785
0.10400000000000001,37.44,3.741568593643942
0.1045,37.62,3.7142934358238615
0.105,37.8,3.6468491198353825
0.1055,37.98,3.5550316831871545
0.106,38.16,3.4566929862255535
0.1065,38.339999999999996,3.3673893091503793
0.107,38.519999999999996,3.3028570695862243
0.1075,38.699999999999996,3.289655981365036
0.108,38.879999999999995,3.3487926973132236
0.1085,39.059999999999995,3.3627794790802406
0.109,39.24,3.4760082671072268
0.1095,39.42,3.489479940198249
0.11,39.6,3.486158565628475
0.1105,39.78,3.4409804594927222
0.111,39.96,3.3524502834323626
0.1115,40.14,3.2153033137074347
0.112,40.32,3.063269001786585
0.1125,40.5,2.9249179244494226
0.113,40.68,2.817951555175686
0.1135,40.86,2.7400115147037503
0.114,41.04,2.642417489804732
0.1145,41.22,2.53376166348417
0.115,41.4,2.3933994279429216
0.1155,41.58,2.2422061303100977
0.116,41.76,2.0442832127036157
0.1165,41.94,1.8461806852547598
0.117,42.12,1.6887022930728752
0.11750000000000001,42.3,1.5521604760009535
0.11800000000000001,42.48,1.4668830530654347
0.11850000000000001,42.66,1.4233317342989291
0.11900000000000001,42.839999999999996,1.3765210177096825
0.11950000000000001,43.019999999999996,1.3514643498298082
0.12,43.199999999999996,1.2648227839012487
0.1205,43.379999999999995,1.1636327106741238
0.121,43.559999999999995,1.0265914726120076
0.1215,43.739999999999995,0.8708665322715906
0.122,43.92,0.70650878175917
0.1225,44.1,0.5908596245534233
0.123,44.28,0.5166677511157877
0.1235,44.46,0.42909024160223813
0.124,44.64,0.3800024694812934
0.1245,44.82,0.30020000681710785
0.125,45.0,0.21452457367867517
0.1255,45.18,0.03860059074650756
0.126,45.36,-0.1339173542653989
0.1265,45.54,-0.30526793317390183
0.127,45.72,-0.5365016493084299
0.1275,45.9,-0.6770206563427303
0.128,46.08,-0.7947961155766208
0.1285,46.26,-0.8629025556508403
0.129,46.44,-0.9670567915607116
0.1295,46.62,-1.0463846979652498
0.13,46.8,-1.1963508563726386
0.1305,46.98,-1.3705454463112907
0.131,47.16,-1.5607314456364942
0.1315,47.339999999999996,-1.746582816964005
0.132,47.519999999999996,-1.9380842739410928
0.1325,47.699999999999996,-2.06901308768396
0.133,47.879999999999995,-2.1751987348066475
0.1335,48.059999999999995,-2.207975377576319
0.134,48.239999999999995,-2.225200624235004
0.1345,48.42,-2.2569376384064643
0.135,48.6,-2.286342511432417
0.1355,48.78,-2.352863749495543
0.136,48.96,-2.4651189739033477
0.1365,49.14,-2.551942379984731
0.137,49.32,-2.6599598344311572
0.1375,49.5,-2.7270810902008598
0.138,49.68,-2.7628717607887032
0.1385,49.86,-2.796655054546417
0.139,50.04,-2.8168114649958267
0.1395,50.22,-2.857681937132389
0.14,50.4,-2.9725679214119407
0.1405,50.58,-3.106831669193792
0.14100000000000001,50.76,-3.2998004934004466
0.14150000000000001,50.94,-3.522861719366183
0.14200000000000002,51.12,-3.6755338670209983
0.14250000000000002,51.3,-3.817994700465145
0.14300000000000002,51.48,-3.9306548525615055
0.14350000000000002,51.66,-3.9515924893629775
0.14400000000000002,51.839999999999996,-3.9583470044503946
0.1445,52.019999999999996,-3.9616094828462263
0.145,52.199999999999996,-3.960687384627319
0.1455,52.379999999999995,-3.9992915298065914
0.146,52.559999999999995,-4.003637522858731
0.1465,52.739999999999995,-4.0411553652833545
0.147,52.919999999999995,-4.029926946555477
0.1475,53.1,-3.9983658653683296
0.148,53.28,-3.907437219567937
0.1485,53.46,-3.8168429737321645
0.149,53.64,-3.706827381150112
0.1495,53.82,-3.6400451093496193
0.15,54.0,-3.613801790077386
0.1505,54.18,-3.6304747774383834
0.151,54.36,-3.691809531050048
0.1515,54.54,-3.8143483475185476
0.152,54.72,-3.9247315391021833
0.1525,54.9,-4.000324061586715
0.153,55.08,-4.025013405337351
0.1535,55.26,-4.022591284276549
0.154,55.44,-3.9973897706047756
0.1545,55.62,-3.9720613770270052
0.155,55.8,-3.960890862243787
0.1555,55.98,-3.9573418694808553
0.156,56.16,-3.9553725459224673
0.1565,56.339999999999996,-3.9773645759120613
0.157,56.519999999999996,-3.922210696062469
0.1575,56.699999999999996,-3.8136728728067664
0.158,56.879999999999995,-3.6819837948713885
0.1585,57.059999999999995,-3.4893383283649233
0.159,57.239999999999995,-3.309456688561708
0.1595,57.419999999999995,-3.1195604604506824
0.16,57.599999999999994,-2.9808409187678433
0.1605,57.78,-2.8787493116579
0.161,57.96,-2.843807006514808
0.1615,58.14,-2.799575419063936
0.162,58.32,-2.7778383497722623
0.1625,58.5,-2.7330471999175767
0.163,58.68,-2.652802360208439
0.1635,58.86,-2.5587179548550236
0.164,59.04,-2.4461112024821476
0.1645,59.22,-2.349072449584128
0.165,59.4,-2.2975864813990388
0.1655,59.58,-2.2525177884949543
0.166,59.76,-2.2385527539563634
0.1665,59.94,-2.2056458193093067
0.167,60.12,-2.164762103568214
0.1675,60.3,-2.0862794005700254
0.168,60.48,-1.9489680422416606
0.1685,60.66,-1.7419682547007307
0.169,60.839999999999996,-1.5518152001538328
0.1695,61.019999999999996,-1.3583881442672574
0.17,61.199999999999996,-1.195829352040794
0.1705,61.379999999999995,-1.0615662908619965
0.171,61.559999999999995,-0.9745809570675928
0.1715,61.739999999999995,-0.8862956015302382
0.17200000000000001,61.919999999999995,-0.7968890861036089
0.17250000000000001,62.099999999999994,-0.665959153321732
0.17300000000000001,62.28,-0.513231019561495
0.17350000000000002,62.46,-0.3140982824139145
0.17400000000000002,62.64,-0.10713788856170145
0.17450000000000002,62.82,0.07131562126698847
0.17500000000000002,63.0,0.19617717109521138
0.17550000000000002,63.18,0.3135767176876658
0.176,63.36,0.3677249453724766
0.1765,63.54,0.44889648080542216
0.177,63.72,0.4787541084299574
0.1775,63.9,0.5973068156179757
0.178,64.08,0.7079165427141509
0.1785,64.25999999999999,0.8599567108825771
0.179,64.44,1.008364732211397
0.1795,64.62,1.165498219148488
0.18,64.8,1.2878549932668404
0.1805,64.98,1.3618468188117308
0.181,65.16,1.3758236835296513
0.1815,65.34,1.4135191099244453
0.182,65.52,1.4888834128118107
0.1825,65.7,1.548781425391108
0.183,65.88,1.6932130504065506
0.1835,66.06,1.8542009759522207
0.184,66.24,2.046428877901851
0.1845,66.42,2.260327106841671
0.185,66.6,2.406871428418575
0.1855,66.78,2.527535823465831
0.186,66.96,2.6564921023994117
0.1865,67.14,2.7392815993969255
0.187,67.32,2.8088651961356352
0.1875,67.5,2.9220715469353045
0.188,67.67999999999999,3.0734308001127473
0.1885,67.86,3.208515504541441
0.189,68.03999999999999,3.313521830027025
0.1895,68.22,3.4641884727283596
0.19,68.39999999999999,3.4866448482676757
0.1905,68.58,3.512454830686762
0.191,68.75999999999999,3.45680709518693
0.1915,68.94,3.392972447330987
0.192,69.12,3.340160047387214
0.1925,69.3,3.3246488645222265
0.193,69.48,3.3282401425892227
0.1935,69.66,3.3778398584651015
0.194,69.84,3.4709930580693396
0.1945,70.02,3.5569253231316287
0.195,70.2,3.630982410076434
0.1955,70.38,3.711085484015261
0.196,70.56,3.7490125631973914
0.1965,70.74,3.7769527652536206
0.197,70.92,3.8319961052455764
0.1975,71.1,3.9444460912654242
0.198,71.28,4.013844939686246
0.1985,71.46,4.156996437737886
0.199,71.64,4.273023520990461
0.1995,71.82,4.355737749915958
0.2,72.0,4.394964234246801
0.2005,72.17999999999999,4.371664040605305
0.201,72.36,4.284982893025533
0.2015,72.53999999999999,4.154711771740902
0.202,72.72,4.024391063614012
0.2025,72.89999999999999,3.929223707294482
0.203,73.08,3.8203404591803802
0.20350000000000001,73.25999999999999,3.7615382622912166
0.20400000000000001,73.44,3.7419872572012687
0.20450000000000002,73.61999999999999,3.6817018702667625
0.20500000000000002,73.8,3.6478535558773455
0.20550000000000002,73.98,3.558639111349525
0.20600000000000002,74.16,3.483847122256949
0.20650000000000002,74.34,3.391586751285007
0.20700000000000002,74.52,3.3326466816246216
0.20750000000000002,74.7,3.3024139441426805
0.20800000000000002,74.88,3.3213150502082125
0.2085,75.06,3.3931635408012637
0.209,75.24,3.475638499687786
0.2095,75.42,3.521223321588503
0.21,75.6,3.501616676156831
0.2105,75.78,3.4386308833856187
0.211,75.96,3.3194756765946165
0.2115,76.14,3.2077958566071976
0.212,76.32,3.048611718761384
0.2125,76.5,2.928418014939423
0.213,76.67999999999999,2.8026179424250035
0.2135,76.86,2.7244926245008316
0.214,77.03999999999999,2.63864067201511
0.2145,77.22,2.5492749274602975
0.215,77.39999999999999,2.3883205115715986
0.2155,77.58,2.243249612990017
0.216,77.75999999999999,2.053369858672635
0.2165,77.94,1.8517137664226582
0.217,78.11999999999999,1.6837078413188382
0.2175,78.3,1.5628140298610302
0.218,78.48,1.4601409541471642
0.2185,78.66,1.4289870580116422
0.219,78.84,1.3784047495567233
0.2195,79.02,1.352932591323001
0.22,79.2,1.276823972493204
0.2205,79.38,1.1882230037415944
0.221,79.56,1.0276616244541255
0.2215,79.74,0.8745857960027589
0.222,79.92,0.7105797986892709
0.2225,80.1,0.585773206959379
0.223,80.28,0.4937474207612003
0.2235,80.46,0.4493050809417479
0.224,80.64,0.3760926005299787
0.2245,80.82,0.3052395617955022
0.225,81.0,0.18577220285268112
0.2255,81.17999999999999,0.06129694131498271
0.226,81.36,-0.11047303187725767
0.2265,81.53999999999999,-0.31158069263016946
0.227,81.72,-0.5058688394100144
0.2275,81.89999999999999,-0.6465741867823556
0.228,82.08,-0.7815785363489841
0.2285,82.25999999999999,-0.861852521889487
0.229,82.44,-0.973493601415599
0.2295,82.61999999999999,-1.0690157894835464
0.23,82.8,-1.2107955550281997
0.2305,82.98,-1.3703277351435592
0.231,83.16,-1.5560825615390828
0.2315,83.34,-1.7686425236687529
0.232,83.52,-1.9494364555159975
0.2325,83.7,-2.0776390482001097
0.233,83.88,-2.137480418970407
0.2335,84.06,-2.1980143846594227
0.234,84.24,-2.2269488279829233
0.23450000000000001,84.42,-2.264611103225651
0.23500000000000001,84.6,-2.3025542074960805
0.23550000000000001,84.78,-2.353052194866803
0.23600000000000002,84.96,-2.453266331295535
0.23650000000000002,85.14,-2.561525951468083
0.23700000000000002,85.32,-2.663626150003409
0.23750000000000002,85.5,-2.739521005850146
0.23800000000000002,85.67999999999999,-2.767787185911836
0.23850000000000002,85.86,-2.810507873826653
0.23900000000000002,86.03999999999999,-2.8207751273836568
0.23950000000000002,86.22,-2.888095642845639
0.24,86.39999999999999,-3.0103121251723075
0.2405,86.58,-3.1150148012798606
0.241,86.75999999999999,-3.306731448771973
0.2415,86.94,-3.5007940291116353
0.242,87.11999999999999,-3.6911904173111165
0.2425,87.3,-3.827763877158087
0.243,87.47999999999999,-3.910939438851065
0.2435,87.66,-3.94112443384784
0.244,87.84,-3.965784483590239
0.2445,88.02,-3.952594915846164
0.245,88.2,-3.9630911116132634
0.2455,88.38,-3.9987086321227316
0.246,88.56,-4.025363712203551
0.2465,88.74,-4.024768910473385
0.247,88.92,-4.044985946219562
0.2475,89.1,-3.972682220443316
0.248,89.28,-3.905842634383197
0.2485,89.46,-3.8176982482398034
0.249,89.64,-3.7288680616932663
0.2495,89.82,-3.6291693002232974
0.25,90.0,-3.6050365552907073
0.2505,90.17999999999999,-3.6519065241353075
0.251,90.36,-3.705287627935656
0.2515,90.53999999999999,-3.818382758969288
0.252,90.72,-3.9137811350447405
0.2525,90.89999999999999,-3.9813005082061013
0.253,91.08,-4.058422244392357
0.2535,91.25999999999999,-4.023536898554352
0.254,91.44,-4.029046525510597
0.2545,91.61999999999999,-3.9956588308201604
0.255,91.8,-3.963459843623572
0.2555,91.97999999999999,-3.968378030905227
0.256,92.16,-3.959474095186488
0.2565,92.34,-3.964946609718907
0.257,92.52,-3.9299083926059244
0.2575,92.7,-3.822710188741232
0.258,92.88,-3.678202597385112
0.2585,93.06,-3.496978262461462
0.259,93.24,-3.3059523339543024
0.2595,93.42,-3.1040238007689887
0.26,93.6,-2.970397467842765
0.2605,93.78,-2.882089945097691
0.261,93.96,-2.830433121874879
0.2615,94.14,-2.7844143472333647
0.262,94.32,-2.7673416229424737
0.2625,94.5,-2.718947533445341
0.263,94.67999999999999,-2.64352107982229
0.2635,94.86,-2.5504526874295856
0.264,95.03999999999999,-2.4351635665618585
0.2645,95.22,-2.3609604944819784
0.265,95.39999999999999,-2.2855179678577286
0.2655,95.58,-2.2585158907114304
0.266,95.75999999999999,-2.2362021750582137
0.2665,95.94,-2.1973793638993193
0.267,96.11999999999999,-2.171558481776922
0.2675,96.3,-2.064047384818781
0.268,96.47999999999999,-1.9400829937245796
0.2685,96.66,-1.7603607023786523
0.269,96.84,-1.5736325745146122
0.2695,97.02,-1.353126310198575
0.27,97.2,-1.195410707575107
0.2705,97.38,-1.0596471835369192
0.271,97.56,-0.9547544407036939
0.2715,97.74,-0.8675028453105827
0.272,97.92,-0.7732028606955513
0.2725,98.1,-0.6587109587197976
0.273,98.28,-0.49817350786800063
0.2735,98.46,-0.3184818673835194
0.274,98.64,-0.12879097879840776
0.2745,98.82,0.05816452619995504
0.275,99.0,0.1817356185485403
0.2755,99.17999999999999,0.3039100356592818
0.276,99.36,0.38398106949545685
0.2765,99.53999999999999,0.43116493869130545
0.277,99.72,0.5037767850022405
0.2775,99.89999999999999,0.5871121085631565
0.278,100.08,0.7069866760991722
0.2785,100.25999999999999,0.8521075692627719
0.279,100.44,1.025438934106928
0.2795,100.61999999999999,1.153799047815461
0.28,100.8,1.2889847649814807
0.2805,100.97999999999999,1.3457142724146003
0.281,101.16,1.3856031614446618
0.28150000000000003,101.33999999999999,1.416578676178361
0.28200000000000003,101.52,1.4666463710732778
0.28250000000000003,101.7,1.5507122198345982
0.28300000000000003,101.88,1.6796878844764214
0.28350000000000003,102.06,1.8722970025107144
0.28400000000000003,102.24,2.0485000486009666
0.28450000000000003,102.42,2.2323982803446794
0.28500000000000003,102.6,2.411856878087365
0.28550000000000003,102.78,2.5358719642118213
0.28600000000000003,102.96,2.6515773418678834
0.28650000000000003,103.14,2.7117064874684944
0.28700000000000003,103.32,2.8277868874711842
0.28750000000000003,103.5,2.9185649335058916
0.28800000000000003,103.67999999999999,3.072046356025779
0.2885,103.86,3.209370650974421
0.289,104.03999999999999,3.3267222756240526
0.2895,104.22,3.4376995156076684
0.29,104.39999999999999,3.4895225920296413
0.2905,104.58,3.4798278433569676
0.291,104.75999999999999,3.4435667668031513
0.2915,104.94,3.380224204229984
0.292,105.11999999999999,3.328638643502332
0.2925,105.3,3.2996542883373037
0.293,105.47999999999999,3.315726693353933
0.2935,105.66,3.387923907935908
0.294,105.83999999999999,3.461374006304554
0.2945,106.02,3.570810244731476
0.295,106.2,3.639577951025361
0.2955,106.38,3.7040929026847307
0.296,106.56,3.7171858164709035
0.2965,106.74,3.7679410989700175
0.297,106.92,3.8093117410824595
0.2975,107.1,3.9216679347531542
0.298,107.28,4.022102956845232
0.2985,107.46,4.1677059156948495
0.299,107.64,4.270868275688973
0.2995,107.82,4.376665681836328
0.3,108.0,4.392200790619041
0.3005,108.17999999999999,4.361805175661168
0.301,108.36,4.2739257674305104
0.3015,108.53999999999999,4.166672433832311
0.302,108.72,4.020550154995309
0.3025,108.89999999999999,3.9158551331352784
0.303,109.08,3.843993480398025
0.3035,109.25999999999999,3.77714645002709
0.304,109.44,3.74981614172544
0.3045,109.61999999999999,3.711374122145237
0.305,109.8,3.6302699235959293
0.3055,109.97999999999999,3.564059273443112
0.306,110.16,3.460820987880878
0.3065,110.33999999999999,3.386724750694338
0.307,110.52,3.319200389570564
0.3075,110.7,3.2902563573088317
0.308,110.88,3.321350510864535
0.3085,111.06,3.3797621029803295
0.309,111.24,3.4502046630259167
0.3095,111.42,3.490506652941553
0.31,111.6,3.484695123060872
0.3105,111.78,3.4427422403857784
0.311,111.96,3.3282426454793317
0.3115,112.14,3.1936273245436664
0.312,112.32,3.073743735305955
0.3125,112.5,2.9476988961554076
0.313,112.67999999999999,2.815721333675311
0.3135,112.86,2.7246649809989836
0.314,113.03999999999999,2.6490564873108697
0.3145,113.22,2.53339238785997
0.315,113.39999999999999,2.4226750220276374
0.3155,113.58,2.243382504674371
0.316,113.75999999999999,2.059627242556132
0.3165,113.94,1.8550255402588103
0.317,114.11999999999999,1.6787197182925757
0.3175,114.3,1.550151803303459
0.318,114.47999999999999,1.463679363473612
0.3185,114.66,1.409543456463433
0.319,114.83999999999999,1.36946337428367
0.3195,115.02,1.3370221968715594
0.32,115.19999999999999,1.2771940567673883
0.3205,115.38,1.1602750079458848
0.321,115.56,1.0179101851074495
0.3215,115.74,0.881710049587666
0.322,115.92,0.7331832191455937
0.3225,116.1,0.6008867193235458
0.323,116.28,0.4848488404635262
0.3235,116.46,0.44748861788453437
0.324,116.64,0.36605550905403833
0.3245,116.82,0.30545751336119265
0.325,117.0,0.19966829580205855
0.3255,117.17999999999999,0.0279396830579741
0.326,117.36,-0.13670775405234312
0.3265,117.53999999999999,-0.3179245709699637
0.327,117.72,-0.49902922552104556
0.3275,117.89999999999999,-0.6649266506909977
0.328,118.08,-0.802626887930006
0.3285,118.25999999999999,-0.8761619068987838
0.329,118.44,-0.9687716793230835
0.3295,118.61999999999999,-1.0774218976751013
0.33,118.8,-1.2120959061093082
0.3305,118.97999999999999,-1.3599971047130037
0.331,119.16,-1.5619771060401948
0.3315,119.33999999999999,-1.7603530912308394
0.332,119.52,-1.9291680529093636
0.3325,119.69999999999999,-2.073668829941869
0.333,119.88,-2.180764209661699
0.3335,120.06,-2.2150441460097863
0.334,120.24,-2.216418177391387
0.3345,120.42,-2.2354701078590318
0.335,120.6,-2.2646833822911665
0.3355,120.78,-2.3621735308847605
0.336,120.96,-2.4586479854155785
0.3365,121.14,-2.5561621315042347
0.337,121.32,-2.658397922551228
0.3375,121.5,-2.7267548799732344
0.338,121.67999999999999,-2.766981576426291
0.3385,121.86,-2.784527706498383
0.339,122.03999999999999,-2.8201920629473913
0.3395,122.22,-2.8890351113204633
0.34,122.39999999999999,-2.978358310494374
0.3405,122.58,-3.11646980986418
0.341,122.75999999999999,-3.3083221090646298
0.3415,122.94,-3.5134558241086697
0.342,123.11999999999999,-3.686732329319402
0.3425,123.3,-3.807613806253019
0.343,123.47999999999999,-3.9321717765596285
0.3435,123.66,-3.9624066068617325
0.34400000000000003,123.83999999999999,-3.9596019609477353
0.34450000000000003,124.02,-3.956940600349958
0.34500000000000003,124.19999999999999,-3.951672153442619
0.34550000000000003,124.38,-3.9701365452765867
0.34600000000000003,124.56,-4.010692124270227
0.34650000000000003,124.74,-4.021225999749508
0.34700000000000003,124.92,-4.0293757551475835
0.34750000000000003,125.1,-3.9743556313272936
0.34800000000000003,125.28,-3.934807997379108
0.34850000000000003,125.46,-3.803445303338324
0.34900000000000003,125.64,-3.7111728102428088
0.34950000000000003,125.82,-3.6280947638722836
0.35000000000000003,126.0,-3.6039281370786234
0.35050000000000003,126.17999999999999,-3.6416826042822112
0.35100000000000003,126.36,-3.7002853037221257
0.35150000000000003,126.53999999999999,-3.8083144923362866
0.352,126.72,-3.9118302275736956
0.3525,126.89999999999999,-3.9789617751461934
0.353,127.08,-4.022882194008254
0.3535,127.25999999999999,-4.038836499752379
0.354,127.44,-4.005286479049125
0.3545,127.61999999999999,-3.9683439809343435
0.355,127.8,-3.982264765446366
0.3555,127.97999999999999,-3.9679659483703253
0.356,128.16,-3.9770996160106344
0.3565,128.34,-3.9716916173265284
0.357,128.51999999999998,-3.9257858030329214
0.3575,128.7,-3.812242008547981
0.358,128.88,-3.6630287532412233
0.3585,129.06,-3.513422864631775
0.359,129.24,-3.2847192391647697
0.3595,129.42,-3.115813795961376
0.36,129.6,-2.976917336674402
0.3605,129.78,-2.868283224775395
0.361,129.96,-2.8091610244765253
0.3615,130.14,-2.7980827009257765
0.362,130.32,-2.781829290260017
0.3625,130.5,-2.7313550930881845
0.363,130.68,-2.6608939775348146
0.3635,130.85999999999999,-2.565870353392193
0.364,131.04,-2.4593651927185283
0.3645,131.22,-2.3507565055077273
0.365,131.4,-2.2785843544216995
0.3655,131.57999999999998,-2.24607431170668
0.366,131.76,-2.2382350965911764
0.3665,131.94,-2.219401311423525
0.367,132.12,-2.1787126857804577
0.3675,132.29999999999998,-2.0614785359923684
0.368,132.48,-1.9359243741487457
0.3685,132.66,-1.7474350847633129
0.369,132.84,-1.560834381547005
0.3695,133.01999999999998,-1.3645937379035968
0.37,133.2,-1.1972483530754061
0.3705,133.38,-1.0644828286462822
0.371,133.56,-0.9696310272120119
0.3715,133.74,-0.8659976494327849
0.372,133.92,-0.7847980862074759
0.3725,134.1,-0.6618173068274098
0.373,134.28,-0.5098948060819446
0.3735,134.46,-0.32403150762395394
0.374,134.64,-0.106373751742417
0.3745,134.82,0.06127392549840098
0.375,135.0,0.19860205676945591
0.3755,135.18,0.31672779455548605
0.376,135.35999999999999,0.3801457282870493
0.3765,135.54,0.4246713141698306
0.377,135.72,0.5040085252093552
0.3775,135.9,0.5844562970342462
0.378,136.07999999999998,0.7098364944116294
0.3785,136.26,0.876492167056747
0.379,136.44,1.0163533162329945
0.3795,136.62,1.1479820478325213
0.38,136.79999999999998,1.2743164571321919
0.3805,136.98,1.346205157045119
0.381,137.16,1.3613667303101578
0.3815,137.34,1.4219628055225886
0.382,137.51999999999998,1.4649208510005112
0.3825,137.7,1.5548410539991233
0.383,137.88,1.6797524203859857
0.3835,138.06,1.8597236982548164
0.384,138.24,2.067929964809143
0.3845,138.42,2.2348035206968535
0.385,138.6,2.4025455178831048
0.3855,138.78,2.548822271028484
0.386,138.96,2.632228441644232
0.3865,139.14,2.724592696684886
0.387,139.32,2.8089992200784186
0.3875,139.5,2.9414296852620243
0.388,139.68,3.045433524198595
0.3885,139.85999999999999,3.2187590662044685
0.389,140.04,3.3369679309483637
0.3895,140.22,3.4392961303500886
0.39,140.4,3.487826252555485
0.3905,140.57999999999998,3.4884161584023605
0.391,140.76,3.4660067827848313
0.3915,140.94,3.378926334711166
0.392,141.12,3.3550105873206952
0.3925,141.29999999999998,3.2993760916178916
0.393,141.48,3.307515029614512
0.3935,141.66,3.3770325363549216
0.394,141.84,3.4681516644725128
0.3945,142.01999999999998,3.5627752119845892
0.395,142.2,3.640248380528549
0.3955,142.38,3.6928144391390605
0.396,142.56,3.750804877737924
0.3965,142.73999999999998,3.7797315560609417
0.397,142.92,3.8467794751057673
0.3975,143.1,3.910332889915448
0.398,143.28,4.021759619635184
0.3985,143.46,4.158478297379346
0.399,143.64,4.312294421687607
0.3995,143.82,4.354308877634841
0.4,144.0,4.414451232678073
0.4005,144.18,4.373729730735591
0.401,144.35999999999999,4.2743705001563885
0.4015,144.54,4.158201621552907
0.402,144.72,4.050390940271855
0.4025,144.9,3.9054218145951096
0.403,145.07999999999998,3.829626964546126
0.4035,145.26,3.786131169675645
0.404,145.44,3.7237343173648365
0.4045,145.62,3.7060297134355698
0.405,145.79999999999998,3.6418229815100363
0.4055,145.98,3.563715166972548
0.406,146.16,3.472987398999524
0.40650000000000003,146.34,3.375771873408118
0.40700000000000003,146.51999999999998,3.3168525290182167
0.40750000000000003,146.7,3.2980722179663116
0.40800000000000003,146.88,3.3111337534514247
0.40850000000000003,147.06,3.4036006008781534
0.40900000000000003,147.23999999999998,3.441337101979472
0.40950000000000003,147.42,3.4959395211029882
0.41000000000000003,147.6,3.510415838442419
0.41050000000000003,147.78,3.448260106449073
0.41100000000000003,147.96,3.328648194120686
0.41150000000000003,148.14,3.1813194577341344
0.41200000000000003,148.32,3.056563032829399
0.41250000000000003,148.5,2.92110056805338
0.41300000000000003,148.68,2.825712403253203
0.41350000000000003,148.85999999999999,2.7276457542235173
0.41400000000000003,149.04,2.6425219525185386
0.41450000000000004,149.22,2.5471423258338475
0.41500000000000004,149.4,2.4206226603665346
0.41550000000000004,149.57999999999998,2.237122110332093
0.41600000000000004,149.76,2.0562237897595455
0.4165,149.94,1.8548254452150714
0.417,150.12,1.6812680153188875
0.4175,150.29999999999998,1.554188612602118
0.418,150.48,1.4508939057428727
0.4185,150.66,1.4370653830695315
0.419,150.84,1.389680313532881
0.4195,151.01999999999998,1.3465467852768467
0.42,151.2,1.283241788414941
0.4205,151.38,1.1693574635974924
0.421,151.56,1.022328252275865
0.4215,151.73999999999998,0.8567309595905792
0.422,151.92,0.7269066947955903
0.4225,152.1,0.581695129146489
0.423,152.28,0.49280372513679443
0.4235,152.46,0.44296808492406153
0.424,152.64,0.36861094610195383
0.4245,152.82,0.31470945148764895
0.425,153.0,0.21503203296246967
0.4255,153.18,0.057395022167424085
0.426,153.35999999999999,-0.13817812939798324
0.4265,153.54,-0.31132135735204935
0.427,153.72,-0.5259800266917333
0.4275,153.9,-0.6823938795379317
0.428,154.07999999999998,-0.8011773764896286
0.4285,154.26,-0.8849406947514278
0.429,154.44,-0.9536888869131501
0.4295,154.62,-1.0735462320587468
0.43,154.79999999999998,-1.191346642074308
0.4305,154.98,-1.3787448008248324
0.431,155.16,-1.5563844921137229
0.4315,155.34,-1.7699383180071033
0.432,155.51999999999998,-1.937578631134454
0.4325,155.7,-2.070441283450573
0.433,155.88,-2.1694318778503585
0.4335,156.06,-2.197566602898873
0.434,156.23999999999998,-2.2413725343670277
0.4345,156.42,-2.2502754019134152
0.435,156.6,-2.2999571515508537
0.4355,156.78,-2.3666265230221337
0.436,156.96,-2.4571414611317235
0.4365,157.14,-2.5683621782401884
0.437,157.32,-2.6321618022869098
0.4375,157.5,-2.7265452194815794
0.438,157.68,-2.7622010832429726
0.4385,157.85999999999999,-2.7901241225547118
0.439,158.04,-2.8268567128621287
0.4395,158.22,-2.8698632616256705
0.44,158.4,-2.9675736251822515
0.4405,158.57999999999998,-3.1096390598506796
0.441,158.76,-3.307099292446802
0.4415,158.94,-3.503029484952255
0.442,159.12,-3.684169113446254
0.4425,159.29999999999998,-3.8224968998252558
0.443,159.48,-3.9142378843218273
0.4435,159.66,-3.9576406775451978
0.444,159.84,-3.964338643251524
0.4445,160.01999999999998,-3.95549912072198
0.445,160.2,-3.9740041202255703
0.4455,160.38,-3.9834176100181424
0.446,160.56,-3.9998218793825546
0.4465,160.73999999999998,-4.017861509844905
0.447,160.92,-4.023427408044282
0.4475,161.1,-3.9925251790093
0.448,161.28,-3.8896673481104993
0.4485,161.46,-3.8115185608238886
0.449,161.64,-3.721377647777237
0.4495,161.82,-3.631748444958705
0.45,162.0,-3.611596228986096
0.4505,162.18,-3.6303254495908583
0.451,162.35999999999999,-3.717376656858197
0.4515,162.54,-3.7962181260489056
0.452,162.72,-3.9057206852855932
0.4525,162.9,-3.990465717922638
0.453,163.07999999999998,-4.027804416729245
0.4535,163.26,-4.019078989668269
0.454,163.44,-4.00386380285486
0.4545,163.62,-3.9754381649468726
0.455,163.79999999999998,-3.9786582837259044
0.4555,163.98,-3.959287781779319
0.456,164.16,-3.9507991771788524
0.4565,164.34,-3.9607264772757746
0.457,164.51999999999998,-3.915762803924123
0.4575,164.7,-3.839357693769448
0.458,164.88,-3.688870667917042
0.4585,165.06,-3.502340704677415
0.459,165.23999999999998,-3.2997965599169565
0.4595,165.42,-3.136141940490901
0.46,165.6,-2.9626340541597425
0.4605,165.78,-2.886794516848262
0.461,165.96,-2.826077565573805
0.4615,166.14,-2.791428152845998
0.462,166.32,-2.7751697839054112
0.4625,166.5,-2.715134351145424
0.463,166.68,-2.6467189932967816
0.4635,166.85999999999999,-2.5774303947531014
0.464,167.04,-2.457897274091462
0.4645,167.22,-2.3652778169544857
0.465,167.4,-2.290986917667787
0.4655,167.57999999999998,-2.257417275083507
0.466,167.76,-2.23307081431665
0.4665,167.94,-2.198248401119142
0.467,168.12,-2.169920315661033
0.4675,168.29999999999998,-2.0833588471751767
0.468,168.48,-1.9262881249740822
0.4685,168.66,-1.7673825027085537
0.46900000000000003,168.84,-1.5594045143072646
0.46950000000000003,169.01999999999998,-1.3770703542252474
0.47000000000000003,169.2,-1.2062971981569555
0.47050000000000003,169.38,-1.0611578393843255
0.47100000000000003,169.56,-0.9761450634464693
0.47150000000000003,169.73999999999998,-0.8963618773019641
0.47200000000000003,169.92,-0.7918855267891117
0.47250000000000003,170.1,-0.6666993562495532
0.47300000000000003,170.28,-0.5119234565686981
0.47350000000000003,170.45999999999998,-0.3106586298879873
0.47400000000000003,170.64,-0.11087187243264149
0.47450000000000003,170.82,0.057105167172383536
0.47500000000000003,171.0,0.20244271992366017
0.47550000000000003,171.18,0.3108529499890044
0.47600000000000003,171.35999999999999,0.3820681059870001
0.47650000000000003,171.54,0.4331067060614261
0.47700000000000004,171.72,0.4884920716765039
0.47750000000000004,171.9,0.5967795992577739
0.47800000000000004,172.07999999999998,0.7088652659141346
0.47850000000000004,172.26,0.867630341871753
0.47900000000000004,172.44,1.0142491440456178
0.47950000000000004,172.62,1.1707870487500305
0.48,172.79999999999998,1.2817207078506438
0.4805,172.98,1.3539147843071824
0.481,173.16,1.3982636379805664
0.4815,173.34,1.44736389920873
0.482,173.51999999999998,1.474742338489335
0.4825,173.7,1.5539530673006847
0.483,173.88,1.6814043603475137
0.4835,174.06,1.8539774307435521
0.484,174.23999999999998,2.053874533841593
0.4845,174.42,2.2498926757456936
0.485,174.6,2.3962856432799597
0.4855,174.78,2.5457535310283124
0.486,174.95999999999998,2.65065601668753
0.4865,175.14,2.7367548490947904
0.487,175.32,2.811724626587283
0.4875,175.5,2.9383719304618374
0.488,175.68,3.0537092413898215
0.4885,175.85999999999999,3.203908092056748
0.489,176.04,3.3447115133440946
0.4895,176.22,3.451355030493773
0.49,176.4,3.4936676189844023
0.4905,176.57999999999998,3.5090750113010367
0.491,176.76,3.4604248321287585
0.4915,176.94,3.3765571852192373
0.492,177.12,3.334446667842982
0.4925,177.29999999999998,3.2689622037638952
0.493,177.48,3.3259293133624688
0.4935,177.66,3.392187861212533
0.494,177.84,3.455420897716486
0.4945,178.01999999999998,3.575855833413033
0.495,178.2,3.648738994534964
0.4955,178.38,3.7101028231679845
0.496,178.56,3.7382076378629616
0.4965,178.73999999999998,3.7749390708396757
0.497,178.92,3.8201738179691365
0.4975,179.1,3.8982780491314513
0.498,179.28,4.0374141814137126
0.4985,179.45999999999998,4.148664919281364
0.499,179.64,4.26965581773114
0.4995,179.82,4.368375466376331
0.5,180.0,4.405706075932653
0.5005000000000001,180.18,4.363561947661644
0.501,180.35999999999999,4.265273241821342
0.5015000000000001,180.54,4.157308617528482
0.502,180.72,4.024453004562911
0.5025000000000001,180.9,3.925597141928
0.503,181.07999999999998,3.8162688948366457
0.5035000000000001,181.26,3.7607459456576784
0.504,181.44,3.7350183628889604
0.5045000000000001,181.62,3.7082412503151985
0.505,181.79999999999998,3.6495963441840438
0.5055000000000001,181.98,3.5810743043692637
0.506,182.16,3.4767660807019976
0.5065000000000001,182.34,3.3921091690467624
0.507,182.51999999999998,3.328434649367677
0.5075000000000001,182.7,3.2919019949962474
0.508,182.88,3.3315904300695207
0.5085000000000001,183.06,3.3894962731762805
0.509,183.23999999999998,3.4255700661899784
0.5095000000000001,183.42,3.5080060471297774
0.51,183.6,3.503976690450188
0.5105000000000001,183.78,3.4500382600132453
0.511,183.95999999999998,3.3326123703012125
0.5115000000000001,184.14,3.214528970304774
0.512,184.32,3.0637674986746086
0.5125,184.5,2.947758095272998
0.513,184.68,2.808403312321402
0.5135,184.85999999999999,2.7206812125060273
0.514,185.04,2.6621792459848086
0.5145,185.22,2.5359420851126417
0.515,185.4,2.42385959712906
0.5155,185.57999999999998,2.2525603727217884
0.516,185.76,2.076358052799373
0.5165,185.94,1.8750537097123958
0.517,186.12,1.6705807227595306
0.5175,186.29999999999998,1.550276666328289
0.518,186.48,1.4771186064490618
0.5185,186.66,1.418496240983594
0.519,186.84,1.3753989913147373
0.5195,187.01999999999998,1.351772895398478
0.52,187.2,1.2628097316291207
0.5205,187.38,1.1788543563701976
0.521,187.56,1.0186567680336702
0.5215,187.73999999999998,0.8596428625211376
0.522,187.92,0.7091981980083943
0.5225,188.1,0.5718149013709324
0.523,188.28,0.5079707052343574
0.5235,188.45999999999998,0.44455728357347163
0.524,188.64,0.3747863020726188
0.5245,188.82,0.3128993250927697
0.525,189.0,0.1801603003219764
0.5255,189.18,0.04645227640492008
0.526,189.35999999999999,-0.1163846315964641
0.5265,189.54,-0.31648526159969026
0.527,189.72,-0.5034736931921814
0.5275,189.9,-0.6662719991819197
0.528,190.07999999999998,-0.7915526529932109
0.5285,190.26,-0.8810007671110045
0.529,190.44,-0.968884440406519
0.5295,190.62,-1.0635654987294187
0.53,190.79999999999998,-1.1922566804070216
0.5305,190.98,-1.354084675249055
0.531,191.16,-1.537354109222659
0.5315,191.34,-1.7618253251824292
0.532,191.51999999999998,-1.952073918792503
0.5325,191.7,-2.065376161873407
0.533,191.88,-2.154535201987225
0.5335,192.06,-2.2081388490637095
0.534,192.23999999999998,-2.218996272919837
0.5345,192.42,-2.246060928959829
0.535,192.6,-2.2884320216577207
0.5355,192.78,-2.364468567620576
0.536,192.95999999999998,-2.4685122796300316
0.5365,193.14,-2.5658205408621795
0.537,193.32,-2.6509606942383126
0.5375,193.5,-2.7351019374960734
0.538,193.68,-2.7629094173523985
0.5385,193.85999999999999,-2.7865494600196725
0.539,194.04,-2.8353809869726057
0.5395,194.22,-2.8800483340589054
0.54,194.4,-2.976129353924324
0.5405,194.57999999999998,-3.107232033748831
0.541,194.76,-3.312229866908179
0.5415,194.94,-3.4990247818192204
0.542,195.12,-3.6822918432947316
0.5425,195.29999999999998,-3.8235595331076397
0.543,195.48,-3.9288636216635107
0.5435,195.66,-3.9440418617108493
0.544,195.84,-3.968779824046595
0.5445,196.01999999999998,-3.960306262399999
0.545,196.2,-3.9844986921828203
0.5455,196.38,-3.991084639677709
0.546,196.56,-4.003109227783929
0.5465,196.73999999999998,-4.024357028670355
0.547,196.92,-4.010875975006125
0.5475,197.1,-3.988400846921587
0.548,197.28,-3.918212506720481
0.5485,197.45999999999998,-3.8144783693801325
0.549,197.64,-3.7117300469258905
0.5495,197.82,-3.6541181961514453
0.55,198.0,-3.6050251407185416
0.5505,198.18,-3.64591172206343
0.551,198.35999999999999,-3.7108748411840344
0.5515,198.54,-3.806074073722305
0.552,198.72,-3.9054464792985417
0.5525,198.9,-4.006474703560359
0.553,199.07999999999998,-4.036711221900774
0.5535,199.26,-4.027835420432541
0.554,199.44,-4.008677081957201
0.5545,199.62,-3.9911094896213077
0.555,199.79999999999998,-3.973297672418491
0.5555,199.98,-3.9668788430898627
0.556,200.16,-3.9714280203670684
0.5565,200.34,-3.9705309141260745
0.557,200.51999999999998,-3.9123589992843355
0.5575,200.7,-3.8271138890421175
0.558,200.88,-3.676716923340547
0.5585,201.06,-3.5007447628353368
0.559,201.23999999999998,-3.287889065255414
0.5595,201.42,-3.1431721239962873
0.56,201.6,-2.964946433045073
0.5605,201.78,-2.857034724184655
0.561,201.95999999999998,-2.8127055563433183
0.5615,202.14,-2.7952426188845823
0.562,202.32,-2.7720557127822465
0.5625,202.5,-2.747317869637757
0.5630000000000001,202.67999999999998,-2.6550170277203717
0.5635,202.85999999999999,-2.5565433765919807
0.5640000000000001,203.04,-2.455767395774876
0.5645,203.22,-2.358570104966788
0.5650000000000001,203.4,-2.2875828873168285
0.5655,203.57999999999998,-2.2292920452664995
0.5660000000000001,203.76,-2.234910318322474
0.5665,203.94,-2.2101804026662006
0.5670000000000001,204.12,-2.1887102890341956
0.5675,204.29999999999998,-2.076127961738403
0.5680000000000001,204.48,-1.9584402220134323
0.5685,204.66,-1.7624095147831402
0.5690000000000001,204.84,-1.5697840705499846
0.5695,205.01999999999998,-1.3647932572421029
0.5700000000000001,205.2,-1.187009718639662
0.5705,205.38,-1.0608889840427804
0.5710000000000001,205.56,-0.9703141602560772
0.5715,205.73999999999998,-0.8754867218494131
0.5720000000000001,205.92,-0.7970933545545326
0.5725,206.1,-0.6653958637924279
0.5730000000000001,206.28,-0.5094598579126575
0.5735,206.45999999999998,-0.3244967564178947
0.5740000000000001,206.64,-0.1256196615674572
0.5745,206.82,0.05784738571138425
0.5750000000000001,207.0,0.19328042032848494
0.5755,207.17999999999998,0.290974643689042
0.5760000000000001,207.35999999999999,0.3658425251741126
0.5765,207.54,0.4408541490607459
0.577,207.72,0.4801216332126567
0.5775,207.9,0.5855454827488357
0.578,208.07999999999998,0.7377831248425606
0.5785,208.26,0.8717729566146294
0.579,208.44,1.0359508480639548
0.5795,208.62,1.1573326076891124
0.58,208.79999999999998,1.2836615744926312
0.5805,208.98,1.362287709076343
0.581,209.16,1.3939658980716487
0.5815,209.34,1.4153827920073045
0.582,209.51999999999998,1.4546335923596068
0.5825,209.7,1.5477110859660124
0.583,209.88,1.6898317067470596
0.5835,210.06,1.8678488605632182
0.584,210.23999999999998,2.0455441073136016
0.5845,210.42,2.2540429278784124
0.585,210.6,2.4289746666963814
0.5855,210.78,2.5508199410487404
0.586,210.95999999999998,2.6474994778162766
0.5865,211.14,2.7148845038031473
0.587,211.32,2.810786426592824
0.5875,211.5,2.9357886254467864
0.588,211.67999999999998,3.060044537209065
0.5885,211.85999999999999,3.2103653727560677
0.589,212.04,3.348906638549133
0.5895,212.22,3.4623199741363586
0.59,212.4,3.500496556155791
0.5905,212.57999999999998,3.4906606262786353
0.591,212.76,3.455099323996098
0.5915,212.94,3.391107678977461
0.592,213.12,3.3353114658753973
0.5925,213.29999999999998,3.282649390025919
0.593,213.48,3.329412307190964
0.5935,213.66,3.3796169766498183
0.594,213.84,3.459702513966558
0.5945,214.01999999999998,3.563444495565276
0.595,214.2,3.6397655312883357
0.5955,214.38,3.687844737596487
0.596,214.56,3.7290127688626633
0.5965,214.73999999999998,3.780719967917458
0.597,214.92,3.8314566319988606
0.5975,215.1,3.9112809274683102
0.598,215.28,4.018668959538931
0.5985,215.45999999999998,4.15314664442511
0.599,215.64,4.279814630654528
0.5995,215.82,4.367434005634809
0.6,216.0,4.390678151632674
0.6005,216.17999999999998,4.36991975658613
0.601,216.35999999999999,4.278056156268955
0.6015,216.54,4.148784856438373
0.602,216.72,4.022559757865343
0.6025,216.9,3.9110873121307645
0.603,217.07999999999998,3.826395029954506
0.6035,217.26,3.778408013839501
0.604,217.44,3.7260187477365956
0.6045,217.62,3.6986448589073824
0.605,217.79999999999998,3.6430043074746936
0.6055,217.98,3.570053688183455
0.606,218.16,3.482047598083195
0.6065,218.34,3.385928393481164
0.607,218.51999999999998,3.3377540977370974
0.6075,218.7,3.3014725689990225
0.608,218.88,3.3225072603659647
0.6085,219.06,3.372003477386775
0.609,219.23999999999998,3.4432178497846357
0.6095,219.42,3.4768449194948565
0.61,219.6,3.494011691424525
0.6105,219.78,3.4353086047284855
0.611,219.95999999999998,3.34340076140181
0.6115,220.14,3.1997544106147853
0.612,220.32,3.0629320239961046
0.6125,220.5,2.9360819080290206
0.613,220.67999999999998,2.8239117240790605
0.6135,220.85999999999999,2.7249385433872955
0.614,221.04,2.6424049934282734
0.6145,221.22,2.5429707464629283
0.615,221.4,2.434192877883146
0.6155,221.57999999999998,2.26006224281755
0.616,221.76,2.0616230383485745
0.6165,221.94,1.8521790157052844
0.617,222.12,1.6851384105491942
0.6175,222.29999999999998,1.5534554307330646
0.618,222.48,1.4452811913262424
0.6185,222.66,1.4089005444452403
0.619,222.84,1.404317823650195
0.6195,223.01999999999998,1.3495308391067211
0.62,223.2,1.270391578715373
0.6205,223.38,1.1549520663892539
0.621,223.56,1.0248418268776898
0.6215,223.73999999999998,0.8612109463676079
0.622,223.92,0.7153870194982732
0.6225,224.1,0.5878736200285324
0.623,224.28,0.5006291817546559
0.6235,224.45999999999998,0.4182833494148698
0.624,224.64,0.37078685421057234
0.6245,224.82,0.2987204798919719
0.625,225.0,0.20078578040986503
0.6255000000000001,225.17999999999998,0.04998153795527364
0.626,225.35999999999999,-0.13405322940608513
0.6265000000000001,225.54,-0.31200344114304057
0.627,225.72,-0.5182671175831238
0.6275000000000001,225.9,-0.6594013477935766
0.628,226.07999999999998,-0.7897934037315165
0.6285000000000001,226.26,-0.8861365140656061
0.629,226.44,-0.9777408323175804
0.6295000000000001,226.62,-1.0739534912184905
0.63,226.79999999999998,-1.183818903162606
0.6305000000000001,226.98,-1.3881973812062285
0.631,227.16,-1.5650847182856207
0.6315000000000001,227.34,-1.7491053557003715
0.632,227.51999999999998,-1.9414105249152658
0.6325000000000001,227.7,-2.086008724680501
0.633,227.88,-2.1683578282993285
0.6335000000000001,228.06,-2.210110724236818
0.634,228.23999999999998,-2.228880280023471
0.6345000000000001,228.42,-2.2326300437423834
0.635,228.6,-2.291910271719124
0.6355000000000001,228.78,-2.3559081542839917
0.636,228.95999999999998,-2.454722500836494
0.6365000000000001,229.14,-2.551639122534733
0.637,229.32,-2.667641050125799
0.6375000000000001,229.5,-2.731935209592866
0.638,229.67999999999998,-2.773472437350787
0.6385000000000001,229.85999999999999,-2.7821274744780364
0.639,230.04,-2.817385362859069
0.6395000000000001,230.22,-2.876914381419238
0.64,230.39999999999998,-2.9775259651860315
0.6405,230.57999999999998,-3.130805159470328
0.641,230.76,-3.2938812634408703
0.6415,230.94,-3.486518504502859
0.642,231.12,-3.6801646721278574
0.6425,231.29999999999998,-3.823890911483118
0.643,231.48,-3.9255053845018137
0.6435,231.66,-3.982973267304089
0.644,231.84,-3.9665416180682613
0.6445,232.01999999999998,-3.954433193893202
0.645,232.2,-3.964712690781492
0.6455,232.38,-3.9815736722825865
0.646,232.56,-3.996396465064212
0.6465,232.73999999999998,-4.036889116285256
0.647,232.92,-4.024869788862192
0.6475,233.1,-3.988264656535988
0.648,233.28,-3.9200655495800345
0.6485,233.45999999999998,-3.8098161904639007
0.649,233.64,-3.7082111561457998
0.6495,233.82,-3.6332092944744208
0.65,234.0,-3.6084295467209464
0.6505,234.17999999999998,-3.6204230999442726
0.651,234.35999999999999,-3.6812445032844607
0.6515,234.54,-3.8112966957374232
0.652,234.72,-3.902793040942045
0.6525,234.89999999999998,-3.986517671602955
0.653,235.07999999999998,-4.025158465607461
0.6535,235.26,-4.0355025411652115
0.654,235.44,-3.9925339323219036
0.6545,235.62,-3.978075029560638
0.655,235.79999999999998,-3.9472995363868257
0.6555,235.98,-3.9553284248860914
0.656,236.16,-3.9754080891342025
0.6565,236.34,-3.95344820840758
0.657,236.51999999999998,-3.8958091310067333
0.6575,236.7,-3.815798791651906
0.658,236.88,-3.692272870931529
0.6585,237.06,-3.4819135531556524
0.659,237.23999999999998,-3.300923670882607
0.6595,237.42,-3.1089917397402544
0.66,237.6,-2.9690392547445663
0.6605,237.78,-2.8705677005072294
0.661,237.95999999999998,-2.820994474463272
0.6615,238.14,-2.7985831751639667
0.662,238.32,-2.7835424972866614
0.6625,238.5,-2.71897223258307
0.663,238.67999999999998,-2.6572626060983393
0.6635,238.85999999999999,-2.566921272272958
0.664,239.04,-2.467293261175445
0.6645,239.22,-2.3463801416334378
0.665,239.39999999999998,-2.282413965629942
0.6655,239.57999999999998,-2.256130318182496
0.666,239.76,-2.25492536226481
0.6665,239.94,-2.1960415600552996
0.667,240.12,-2.1875956043595473
0.6675,240.29999999999998,-2.0946960643676196
0.668,240.48,-1.9321057869721519
0.6685,240.66,-1.736754902825801
0.669,240.84,-1.5555855991989653
0.6695,241.01999999999998,-1.3668394366688517
0.67,241.2,-1.2035421605550005
0.6705,241.38,-1.0805170155326642
0.671,241.56,-0.9587962877618146
0.6715,241.73999999999998,-0.8822837071189132
0.672,241.92,-0.7695268879336762
0.6725,242.1,-0.6547461953984007
0.673,242.28,-0.4996782781480626
0.6735,242.45999999999998,-0.31167076994161647
0.674,242.64,-0.12286406911444932
0.6745,242.82,0.04882063486128181
0.675,243.0,0.1997979539112795
0.6755,243.17999999999998,0.30624164627019995
0.676,243.35999999999999,0.3852494711496193
0.6765,243.54,0.4447504772692315
0.677,243.72,0.5018025176842726
0.6775,243.89999999999998,0.5811037353227202
0.678,244.07999999999998,0.7206070471670323
0.6785,244.26,0.8531720433913261
0.679,244.44,1.0220200260089936
0.6795,244.62,1.1632863232761852
0.68,244.79999999999998,1.276144719052236
0.6805,244.98,1.3353340939741243
0.681,245.16,1.3913946257458008
0.6815,245.34,1.4255744806257211
0.682,245.51999999999998,1.471642640365059
0.6825,245.7,1.56095287130968
0.683,245.88,1.6988485159925912
0.6835,246.06,1.8970078030847481
0.684,246.23999999999998,2.0534308678045576
0.6845,246.42,2.2368307701278503
0.685,246.6,2.418412889123396
0.6855,246.78,2.5544821697711333
0.686,246.95999999999998,2.63217723999309
0.6865,247.14,2.7255014968583606
0.687,247.32,2.824924721135139
0.6875,247.5,2.918400997763492
0.6880000000000001,247.67999999999998,3.0613266901891123
0.6885,247.85999999999999,3.2062279755867533
0.6890000000000001,248.04,3.350318554336462
0.6895,248.22,3.4332227839885903
0.6900000000000001,248.39999999999998,3.501796903931948
0.6905,248.57999999999998,3.4995390320625126
0.6910000000000001,248.76,3.444408645444817
0.6915,248.94,3.388889971125239
0.6920000000000001,249.12,3.324635806584452
0.6925,249.29999999999998,3.3053901576295313
0.6930000000000001,249.48,3.319862677094859
0.6935,249.66,3.374154946593337
0.6940000000000001,249.84,3.463664068989687
0.6945,250.01999999999998,3.5622476040429873
0.6950000000000001,250.2,3.6475452569581397
0.6955,250.38,3.7070050946450452
0.6960000000000001,250.56,3.744010434863712
0.6965,250.73999999999998,3.7632988656875628
0.6970000000000001,250.92,3.8274760242639245
0.6975,251.1,3.922318715846336
0.6980000000000001,251.28,4.021033074609729
0.6985,251.45999999999998,4.13285678703085
0.6990000000000001,251.64,4.279956559947743
0.6995,251.82,4.376959649577601
0.7000000000000001,252.0,4.398949404200373
0.7005,252.17999999999998,4.354527184250488
0.7010000000000001,252.35999999999999,4.273231871494739
0.7015,252.54,4.15752007077957
0.7020000000000001,252.72,4.028490068591321
0.7025,252.89999999999998,3.918598981310091
0.7030000000000001,253.07999999999998,3.845021317941792
0.7035,253.26,3.7805395966878903
0.704,253.44,3.736463134208658
0.7045,253.62,3.6920555776105464
0.705,253.79999999999998,3.650837732148269
0.7055,253.98,3.571236775771581
0.706,254.16,3.461107583752434
0.7065,254.34,3.389652060679638
0.707,254.51999999999998,3.314864529861207
0.7075,254.7,3.3138236468206235
0.708,254.88,3.321122314508281
0.7085,255.06,3.3943140874159266
0.709,255.23999999999998,3.4534061197240034
0.7095,255.42,3.5137089704118374
0.71,255.6,3.5173321447638664
0.7105,255.78,3.448667792495416
0.711,255.95999999999998,3.337164533125862
0.7115,256.14,3.1979217941579887
0.712,256.32,3.059994220717515
0.7125,256.5,2.9159791144290836
0.713,256.68,2.8148672796092105
0.7135,256.86,2.7352845907658767
0.714,257.03999999999996,2.6379144618332884
0.7145,257.21999999999997,2.52819141173339
0.715,257.4,2.401109221582856
0.7155,257.58,2.249917716469629
0.716,257.76,2.04746182261525
0.7165,257.94,1.877699738180356
0.717,258.12,1.6743789267847056
0.7175,258.3,1.5668975427227514
0.718,258.48,1.4641746149145591
0.7185,258.65999999999997,1.4158329208333242
0.719,258.84,1.3983424884509341
0.7195,259.02,1.3319867362124358
0.72,259.2,1.2873592784836239
0.7205,259.38,1.1550921496998316
0.721,259.56,1.0183880418147184
0.7215,259.74,0.8692118752310756
0.722,259.92,0.7177290936140557
0.7225,260.09999999999997,0.5725659297572279
0.723,260.28,0.5175990262753031
0.7235,260.46,0.45058353823138797
0.724,260.64,0.3719036885826801
0.7245,260.82,0.3316242166307149
0.725,261.0,0.20914850432291554
0.7255,261.18,0.06330249628070589
0.726,261.36,-0.13212171181578325
0.7265,261.53999999999996,-0.3150040886417947
0.727,261.71999999999997,-0.519014420398732
0.7275,261.9,-0.6826703687972676
0.728,262.08,-0.7887801652573976
0.7285,262.26,-0.8953108306644713
0.729,262.44,-0.9693826511205909
0.7295,262.62,-1.0598312494268758
0.73,262.8,-1.2012340438030118
0.7305,262.98,-1.3611967353086294
0.731,263.15999999999997,-1.5682168852844685
0.7315,263.34,-1.7686526912610712
0.732,263.52,-1.9353023814512882
0.7325,263.7,-2.0736238255487356
0.733,263.88,-2.1667472679455795
0.7335,264.06,-2.206857790203313
0.734,264.24,-2.231582881767864
0.7345,264.42,-2.2464615306988387
0.735,264.59999999999997,-2.2908774814999435
0.7355,264.78,-2.354423215085309
0.736,264.96,-2.4443735366590205
0.7365,265.14,-2.584287574499161
0.737,265.32,-2.655819911001686
0.7375,265.5,-2.7385703949779883
0.738,265.68,-2.781469194908454
0.7385,265.86,-2.78247730658036
0.739,266.03999999999996,-2.8358713359959404
0.7395,266.21999999999997,-2.868298908355255
0.74,266.4,-2.9668402893309276
0.7405,266.58,-3.116719695076748
0.741,266.76,-3.2992411120940615
0.7415,266.94,-3.478983500124835
0.742,267.12,-3.6766718038631923
0.7425,267.3,-3.849998309043001
0.743,267.48,-3.9188870249382584
0.7435,267.65999999999997,-3.9709941505453727
0.744,267.84,-3.97674713972804
0.7445,268.02,-3.9719141438837884
0.745,268.2,-3.955737914869345
0.7455,268.38,-3.9867085684177668
0.746,268.56,-3.9965088449482433
0.7465,268.74,-4.010570398870528
0.747,268.92,-4.030137751426821
0.7475,269.09999999999997,-3.9792310465765537
0.748,269.28,-3.8995788540045027
0.7485,269.46,-3.8018363306243246
0.749,269.64,-3.696024975747606
0.7495,269.82,-3.6280378989028232
0.75,270.0,-3.5958342256437765
0.7505000000000001,270.18,-3.640695661371765
0.751,270.36,-3.7303956101847486
0.7515000000000001,270.53999999999996,-3.8239287575000174
0.752,270.71999999999997,-3.898391970897658
0.7525000000000001,270.9,-3.981325430983391
0.753,271.08,-4.028244551119535
0.7535000000000001,271.26,-4.025268610638142
0.754,271.44,-4.022421970281054
0.7545000000000001,271.62,-3.983326285298472
0.755,271.8,-3.963556256303133
0.7555000000000001,271.98,-3.9538121660283294
0.756,272.15999999999997,-3.997697093871206
0.7565000000000001,272.34,-3.9600081769982203
0.757,272.52,-3.9188988266259486
0.7575000000000001,272.7,-3.842824465878032
0.758,272.88,-3.67688569899461
0.7585000000000001,273.06,-3.5055400164916004
0.759,273.24,-3.3029045936461277
0.7595000000000001,273.42,-3.1126575133212318
0.76,273.59999999999997,-2.9863901711993375
0.7605000000000001,273.78,-2.873929038902901
0.761,273.96,-2.8241513107835616
0.7615000000000001,274.14,-2.8085237603167887
0.762,274.32,-2.766171643794168
0.7625000000000001,274.5,-2.7270435690012986
0.763,274.68,-2.643891867615815
0.7635000000000001,274.86,-2.566086758014273
0.764,275.03999999999996,-2.4660456681318457
0.7645000000000001,275.21999999999997,-2.356630031384586
0.765,275.4,-2.3017077112359035
0.7655000000000001,275.58,-2.2571681786393034
0.766,275.76,-2.217277718479545
0.7665000000000001,275.94,-2.2051932723446446
0.767,276.12,-2.1765681662123044
0.7675000000000001,276.3,-2.084736196605099
0.768,276.48,-1.9274085320247765
0.7685,276.65999999999997,-1.7631380724656165
0.769,276.84,-1.565133591603468
0.7695,277.02,-1.367499158590713
0.77,277.2,-1.1886916424320184
0.7705,277.38,-1.0540701801091974
0.771,277.56,-0.9626250472506296
0.7715,277.74,-0.8706390796287566
0.772,277.92,-0.7757151971235478
0.7725,278.09999999999997,-0.6768328255594228
0.773,278.28,-0.5156919949248087
0.7735,278.46,-0.32883934279701915
0.774,278.64,-0.122556344825381
0.7745,278.82,0.06425041991761767
0.775,279.0,0.2062926791735239
0.7755,279.18,0.31731412358764827
0.776,279.36,0.3822486329662159
0.7765,279.53999999999996,0.4183013936578708
0.777,279.71999999999997,0.49766723544978403
0.7775,279.9,0.5732450115978047
0.778,280.08,0.7076077715992389
0.7785,280.26,0.8530973088437507
0.779,280.44,1.015220928965254
0.7795,280.62,1.1782104531843154
0.78,280.8,1.2712138198090233
0.7805,280.97999999999996,1.3387783515763956
0.781,281.15999999999997,1.37317322586399
0.7815,281.34,1.417297333275055
0.782,281.52,1.4520049416624394
0.7825,281.7,1.5363279971820847
0.783,281.88,1.6811759075014323
0.7835,282.06,1.8631576755766877
0.784,282.24,2.048025114378243
0.7845,282.42,2.253538951599745
0.785,282.59999999999997,2.4205969780889354
0.7855,282.78,2.5492992408608455
0.786,282.96,2.634875168982522
0.7865,283.14,2.7212084202500897
0.787,283.32,2.8168010963603614
0.7875,283.5,2.9177047624512262
0.788,283.68,3.0651630133386525
0.7885,283.86,3.2079692790217385
0.789,284.03999999999996,3.329206116045398
0.7895,284.21999999999997,3.4516087370604525
0.79,284.4,3.5044219444218934
0.7905,284.58,3.4840548806469362
0.791,284.76,3.4390049084216097
0.7915,284.94,3.379783565404335
0.792,285.12,3.3450815525971715
0.7925,285.3,3.3057420122554197
0.793,285.47999999999996,3.320005603804304
0.7935,285.65999999999997,3.399839400745485
0.794,285.84,3.4833173776386235
0.7945,286.02,3.5576394491672962
0.795,286.2,3.641868563303481
0.7955,286.38,3.6987250544439285
0.796,286.56,3.751692193190081
0.7965,286.74,3.7894828984051627
0.797,286.92,3.8199540458513632
0.7975,287.09999999999997,3.9152846529678134
0.798,287.28,4.027478252596989
0.7985,287.46,4.154635411188608
0.799,287.64,4.272426983760403
0.7995,287.82,4.363763148931802
0.8,288.0,4.420800406748098
0.8005,288.18,4.3763277216180025
0.801,288.36,4.281087468751109
0.8015,288.53999999999996,4.15277363839224
0.802,288.71999999999997,4.042265235967708
0.8025,288.9,3.9160559299518507
0.803,289.08,3.835854151450065
0.8035,289.26,3.7754875633337366
0.804,289.44,3.730785536816515
0.8045,289.62,3.6885964806953773
0.805,289.8,3.646598961162091
0.8055,289.97999999999996,3.5532146971726295
0.806,290.15999999999997,3.4582502595273352
0.8065,290.34,3.375589084392902
0.807,290.52,3.3114530001595006
0.8075,290.7,3.301862146300794
0.808,290.88,3.3249060417809413
0.8085,291.06,3.3854841259193926
0.809,291.24,3.4592380616973304
0.8095,291.42,3.4937442718666962
0.81,291.59999999999997,3.510520029632637
0.8105,291.78,3.4358146342972584
0.811,291.96,3.335525124945438
0.8115,292.14,3.2013471019268445
0.812,292.32,3.0559915616362323
0.8125,292.5,2.913394787333036
0.8130000000000001,292.68,2.826969705571789
0.8135,292.86,2.707489678454211
0.8140000000000001,293.03999999999996,2.646745147174317
0.8145,293.21999999999997,2.5499504203050556
0.8150000000000001,293.4,2.4056197854515773
0.8155,293.58,2.25390914120952
0.8160000000000001,293.76,2.0566196818693347
0.8165,293.94,1.880489604196948
0.8170000000000001,294.12,1.681057945152222
0.8175,294.3,1.553035388266109
0.8180000000000001,294.47999999999996,1.4616878051020772
0.8185,294.65999999999997,1.426298842736503
0.8190000000000001,294.84,1.368416853739622
0.8195,295.02,1.3467619491052099
0.8200000000000001,295.2,1.2778225789032935
0.8205,295.38,1.1538392595774754
0.8210000000000001,295.56,1.0086785041067552
0.8215,295.74,0.8633776051349435
0.8220000000000001,295.92,0.7031556958412211
0.8225,296.09999999999997,0.5798195379749297
0.8230000000000001,296.28,0.4904485258078513
0.8235,296.46,0.42938918818450267
0.8240000000000001,296.64,0.37514884193341375
0.8245,296.82,0.30319195495398976
0.8250000000000001,297.0,0.1909788560730521
0.8255,297.18,0.05507190086813429
0.8260000000000001,297.36,-0.1308014590502462
0.8265,297.53999999999996,-0.31738727015093476
0.8270000000000001,297.71999999999997,-0.5067110729931855
0.8275,297.9,-0.6538277720676179
0.8280000000000001,298.08,-0.782553314093366
0.8285,298.26,-0.8819987673760635
0.8290000000000001,298.44,-0.9595125302193012
0.8295,298.62,-1.0659075852780655
0.8300000000000001,298.8,-1.2051361150398716
0.8305,298.97999999999996,-1.3665225590720405
0.8310000000000001,299.15999999999997,-1.5539801791637482
0.8315,299.34,-1.7680839033498488
0.8320000000000001,299.52,-1.9344338005661827
0.8325,299.7,-2.0603916030946148
0.833,299.88,-2.168245303035159
0.8335,300.06,-2.2038908135376283
0.834,300.24,-2.2246964221655743
0.8345,300.42,-2.2398851166972573
0.835,300.59999999999997,-2.281251229868685
0.8355,300.78,-2.3602417916302825
0.836,300.96,-2.4468405576214307
0.8365,301.14,-2.5592731810465215
0.837,301.32,-2.6575835923729674
0.8375,301.5,-2.7197324589534113
0.838,301.68,-2.780937022253753
0.8385,301.86,-2.7843076759125647
0.839,302.03999999999996,-2.8077917581736798
0.8395,302.21999999999997,-2.881322195392171
0.84,302.4,-2.974323685479291
0.8405,302.58,-3.1145503267105497
0.841,302.76,-3.3072524822170086
0.8415,302.94,-3.5004178265340413
0.842,303.12,-3.6689323050628415
0.8425,303.3,-3.8303006433511673
0.843,303.47999999999996,-3.929794404618739
0.8435,303.65999999999997,-3.954150223224641
0.844,303.84,-3.9658199723462437
0.8445,304.02,-3.973796475676651
0.845,304.2,-3.960794428931501
0.8455,304.38,-3.9992357358917854
0.846,304.56,-4.001221589488523
0.8465,304.74,-4.048882787158544
0.847,304.92,-4.039443681502597
0.8475,305.09999999999997,-3.989028545566717
0.848,305.28,-3.914047153502215
0.8485,305.46,-3.797278279658028
0.849,305.64,-3.710902873402361
0.8495,305.82,-3.6267469166015323
0.85,306.0,-3.595720556315735
0.8505,306.18,-3.6212182262695016
0.851,306.36,-3.6983826162719766
0.8515,306.53999999999996,-3.7981398799676915
0.852,306.71999999999997,-3.922796509309705
0.8525,306.9,-3.997466073084011
0.853,307.08,-4.026846396581827
0.8535,307.26,-4.040048843034291
0.854,307.44,-4.0010863160563135
0.8545,307.62,-3.9823580912479986
0.855,307.8,-3.9609673718529033
0.8555,307.97999999999996,-3.9534380392701878
0.856,308.15999999999997,-3.9681359710480697
0.8565,308.34,-3.9464152121596237
0.857,308.52,-3.9341410505191856
0.8575,308.7,-3.8209634871024813
0.858,308.88,-3.6772117769837074
0.8585,309.06,-3.513578976405427
0.859,309.24,-3.3055839056847622
0.8595,309.42,-3.10924926486344
0.86,309.59999999999997,-2.9841867114556915
0.8605,309.78,-2.8827884239386896
0.861,309.96,-2.8417927378191354
0.8615,310.14,-2.8061299258763395
0.862,310.32,-2.784303795101626
0.8625,310.5,-2.732354258132667
0.863,310.68,-2.675898659971068
0.8635,310.86,-2.5472254007609294
0.864,311.03999999999996,-2.4561189568679542
0.8645,311.21999999999997,-2.3636695865628927
0.865,311.4,-2.2694505456771017
0.8655,311.58,-2.2468735680148577
0.866,311.76,-2.2288098682809947
0.8665,311.94,-2.204836369996583
0.867,312.12,-2.170941830385185
0.8675,312.3,-2.0780909827778973
0.868,312.47999999999996,-1.9394951879205384
0.8685,312.65999999999997,-1.751608606747693
0.869,312.84,-1.5698624127460101
0.8695,313.02,-1.3585155817805146
0.87,313.2,-1.1919039243853826
0.8705,313.38,-1.0671534458742944
0.871,313.56,-0.980145489794737
0.8715,313.74,-0.8756626462309571
0.872,313.92,-0.7946444382074378
0.8725,314.09999999999997,-0.6697617149658341
0.873,314.28,-0.511233980289105
0.8735,314.46,-0.3322078433645859
0.874,314.64,-0.12432971974264966
0.8745,314.82,0.06203749300504231
0.875,315.0,0.18763703167989265
0.8755000000000001,315.18,0.3063649167072463
0.876,315.36,0.37689560690175594
0.8765000000000001,315.53999999999996,0.434637778340655
0.877,315.71999999999997,0.49112614458636034
0.8775000000000001,315.9,0.5790781786376854
0.878,316.08,0.7020531998219123
0.8785000000000001,316.26,0.854435404608307
0.879,316.44,1.0207708161514113
0.8795000000000001,316.62,1.1482885483156677
0.88,316.8,1.2612178167332335
0.8805000000000001,316.97999999999996,1.3414278090285217
0.881,317.15999999999997,1.3836276611530716
0.8815000000000001,317.34,1.4272779840234104
0.882,317.52,1.4650721031601894
0.8825000000000001,317.7,1.5546031992384794
0.883,317.88,1.7004870582776495
0.8835000000000001,318.06,1.8557903499300659
0.884,318.24,2.0601726226904433
0.8845000000000001,318.42,2.26427549140764
0.885,318.59999999999997,2.4147120258055805
0.8855000000000001,318.78,2.53192643739338
0.886,318.96,2.6401364775297074
0.8865000000000001,319.14,2.7255219119863043
0.887,319.32,2.8167904889876625
0.8875000000000001,319.5,2.9305108370024153
0.888,319.68,3.0545771941488544
0.8885000000000001,319.86,3.2137956006375816
0.889,320.03999999999996,3.3296227672831367
0.8895000000000001,320.21999999999997,3.4282663088961285
0.89,320.4,3.4828677250674196
0.8905000000000001,320.58,3.497477082616191
0.891,320.76,3.454091669688088
0.8915000000000001,320.94,3.3860740957577673
0.892,321.12,3.323092381829291
0.8925000000000001,321.3,3.3071817096618012
0.893,321.47999999999996,3.3180196530245483
0.8935000000000001,321.65999999999997,3.373887054794792
0.894,321.84,3.479793529846472
0.8945000000000001,322.02,3.556400202814958
0.895,322.2,3.6454117021051777
0.8955000000000001,322.38,3.7084853236688584
0.896,322.56,3.7341425099423002
0.8965,322.74,3.7717384927950346
0.897,322.92,3.8184330216542652
0.8975,323.09999999999997,3.915956680332199
0.898,323.28,4.020728442022361
0.8985,323.46,4.156430102312704
0.899,323.64,4.275191499795289
0.8995,323.82,4.371057932423661
0.9,324.0,4.394839569406587
0.9005,324.18,4.359286965769458
0.901,324.36,4.284779403391491
0.9015,324.53999999999996,4.152754131580268
0.902,324.71999999999997,4.02948982871377
0.9025,324.9,3.898059636446827
0.903,325.08,3.820645035182025
0.9035,325.26,3.7595855833977385
0.904,325.44,3.729596934696853
0.9045,325.62,3.7065182187018118
0.905,325.8,3.6450919187333257
0.9055,325.97999999999996,3.5588790932808823
0.906,326.15999999999997,3.462977514621495
0.9065,326.34,3.3831967312161377
0.907,326.52,3.31905023170848
0.9075,326.7,3.301044592993085
0.908,326.88,3.3414971718745603
0.9085,327.06,3.3713659539913
0.909,327.24,3.45559271629248
0.9095,327.42,3.4843730917700624
0.91,327.59999999999997,3.500430559415973
0.9105,327.78,3.4433630506838173
0.911,327.96,3.3393947533479658
0.9115,328.14,3.196073203523496
0.912,328.32,3.0461061402744045
0.9125,328.5,2.9099788415619923
0.913,328.68,2.8084997626376684
0.9135,328.86,2.727037131384048
0.914,329.03999999999996,2.6359664823803213
0.9145,329.21999999999997,2.5409860489459617
0.915,329.4,2.4043527434634697
0.9155,329.58,2.2493773826254317
0.916,329.76,2.054526793616012
0.9165,329.94,1.8541258729585033
0.917,330.12,1.6798238834755455
0.9175,330.3,1.5671205423821375
0.918,330.47999999999996,1.474949531980434
0.9185,330.65999999999997,1.427534549657102
0.919,330.84,1.3858828651279773
0.9195,331.02,1.3549049394048194
0.92,331.2,1.2723254538934399
0.9205,331.38,1.1616462051111478
0.921,331.56,1.0143149261064703
0.9215,331.74,0.8620301070461731
0.922,331.92,0.7152056840096439
0.9225,332.09999999999997,0.5728283583305492
0.923,332.28,0.50257474328076
0.9235,332.46,0.4285819692556897
0.924,332.64,0.36747035799846345
0.9245,332.82,0.3191381592485012
0.925,333.0,0.19464612782582627
0.9255,333.18,0.058542027412724955
0.926,333.36,-0.13323296129021187
0.9265,333.53999999999996,-0.3206607463200484
0.927,333.71999999999997,-0.5123583666177229
0.9275,333.9,-0.6680274833294698
0.928,334.08,-0.7704351324086681
0.9285,334.26,-0.8954795775617431
0.929,334.44,-0.9687303664167128
0.9295,334.62,-1.0931291936528835
0.93,334.8,-1.1917020993621648
0.9305,334.97999999999996,-1.3583672532334643
0.931,335.15999999999997,-1.5762281473485695
0.9315,335.34,-1.7556233368571896
0.932,335.52,-1.9343133718996917
0.9325,335.7,-2.0736873670035303
0.933,335.88,-2.1646623658046678
0.9335,336.06,-2.2022416757871786
0.934,336.24,-2.217977096709119
0.9345,336.42,-2.226527553886541
0.935,336.59999999999997,-2.302815977597641
0.9355,336.78,-2.3612801363365965
0.936,336.96,-2.4684359281723176
0.9365,337.14,-2.5652931163684283
0.937,337.32,-2.6526801066566175
0.9375,337.5,-2.721735125293791
0.9380000000000001,337.68,-2.771424012503948
0.9385,337.86,-2.783453441570466
0.9390000000000001,338.03999999999996,-2.813700962806627
0.9395,338.21999999999997,-2.8723736394219404
0.9400000000000001,338.4,-2.989600019340648
0.9405,338.58,-3.1318418214989747
0.9410000000000001,338.76,-3.2913880064340417
0.9415,338.94,-3.5174397741534187
0.9420000000000001,339.12,-3.6755944156278186
0.9425,339.3,-3.818337182333154
0.9430000000000001,339.47999999999996,-3.9374305952851882
0.9435,339.65999999999997,-3.9636729975436626
0.9440000000000001,339.84,-3.9652030397037614
0.9445,340.02,-3.9659474097570047
0.9450000000000001,340.2,-3.9585972441871125
0.9455,340.38,-3.985674117175588
0.9460000000000001,340.56,-4.011282564005638
0.9465,340.74,-4.036146480829227
0.9470000000000001,340.91999999999996,-4.007079351310642
0.9475,341.09999999999997,-3.9853904121527326
0.9480000000000001,341.28,-3.910463509436892
0.9485,341.46,-3.816651762974819
0.9490000000000001,341.64,-3.7266267643980107
0.9495,341.82,-3.613688654168024
0.9500000000000001,342.0,-3.6000530315478914
0.9505,342.18,-3.6138499027252706
0.9510000000000001,342.36,-3.705938435406991
0.9515,342.53999999999996,-3.812929369559454
0.9520000000000001,342.71999999999997,-3.9217278274438927
0.9525,342.9,-3.9862452770945525
0.9530000000000001,343.08,-4.0178745423189755
0.9535,343.26,-4.02107173923875
0.9540000000000001,343.44,-4.014151299569175
0.9545,343.62,-3.973978298200133
0.9550000000000001,343.8,-3.976828727886143
0.9555,343.97999999999996,-3.96256908671082
0.9560000000000001,344.15999999999997,-3.9606128697993372
0.9565,344.34,-3.9601721258534197
0.9570000000000001,344.52,-3.917797283753725
0.9575,344.7,-3.82540153067704
0.9580000000000001,344.88,-3.680779416179428
0.9585,345.06,-3.486791574137109
0.9590000000000001,345.24,-3.295357637439478
0.9595,345.41999999999996,-3.121145778591937
0.96,345.59999999999997,-2.9630978675291457
0.9605,345.78,-2.870401996955958
0.961,345.96,-2.8204399993468403
0.9615,346.14,-2.8106153623970203
0.962,346.32,-2.7739735784159616
0.9625,346.5,-2.734106829959325
0.963,346.68,-2.663625792683442
0.9635,346.86,-2.5626670453274882
0.964,347.03999999999996,-2.4429709254771668
0.9645,347.21999999999997,-2.3656673767719107
0.965,347.4,-2.2838651360466864
0.9655,347.58,-2.2562894719823157
0.966,347.76,-2.2321253206040264
0.9665,347.94,-2.1873205140705214
0.967,348.12,-2.1563378273369436
0.9675,348.3,-2.0891806341414334
0.968,348.47999999999996,-1.9288009538348316
0.9685,348.65999999999997,-1.7752690943915077
0.969,348.84,-1.5432969662068121
0.9695,349.02,-1.3560946442589032
0.97,349.2,-1.214985890904811
0.9705,349.38,-1.0829240616648885
0.971,349.56,-0.971566295219177
0.9715,349.74,-0.8764859057363269
0.972,349.91999999999996,-0.7918054085190941
0.9725,350.09999999999997,-0.6582665954133565
0.973,350.28,-0.5113025095356576
0.9735,350.46,-0.316612486561912
0.974,350.64,-0.12563405813439105
0.9745,350.82,0.03767415698759739
0.975,351.0,0.19500183069629426
0.9755,351.18,0.299118144735479
0.976,351.36,0.3627444310286123
0.9765,351.53999999999996,0.4312565168322602
0.977,351.71999999999997,0.4951986400402067
0.9775,351.9,0.6024277080726225
0.978,352.08,0.7048807343094785
0.9785,352.26,0.8607727973231732
0.979,352.44,1.0246978079930165
0.9795,352.62,1.1739199362591943
0.98,352.8,1.276323135752746
0.9805,352.97999999999996,1.3427531589755493
0.981,353.15999999999997,1.3968959002850252
0.9815,353.34,1.4102458828568263
0.982,353.52,1.452536544372665
0.9825,353.7,1.5523372042097405
0.983,353.88,1.6863605818596115
0.9835,354.06,1.8349998603979543
0.984,354.24,2.040465626944533
0.9845,354.41999999999996,2.2471137152009097
0.985,354.59999999999997,2.413374932260551
0.9855,354.78,2.5414202397128722
0.986,354.96,2.6409294825796312
0.9865,355.14,2.731255415428431
0.987,355.32,2.8281633563670283
0.9875,355.5,2.9139103201732697
0.988,355.68,3.067496803528984
0.9885,355.86,3.203613995108437
0.989,356.03999999999996,3.340749147977737
0.9895,356.21999999999997,3.44177967345875
0.99,356.4,3.4927353767948968
0.9905,356.58,3.4895332434747885
0.991,356.76,3.4637783039961976
0.9915,356.94,3.364423765554288
0.992,357.12,3.3190106555375807
0.9925,357.3,3.305342541655988
0.993,357.47999999999996,3.315061243399083
0.9935,357.65999999999997,3.3773646879345374
0.994,357.84,3.463484659645865
0.9945,358.02,3.559041785023404
0.995,358.2,3.653731486802582
0.9955,358.38,3.6827672769100115
0.996,358.56,3.7425255092460894
0.9965,358.74,3.7793035335685476
0.997,358.91999999999996,3.8192678038295096
0.9975,359.09999999999997,3.9169780499870077
0.998,359.28,4.035974456982835
0.9985,359.46,4.158060754278578
0.999,359.64,4.2732488640980835
0.9995,359.82,4.383343645100281
