freq_i,sync_amp,async_amp
0.2,0.0,3.43175895120475
0.4,0.0,0.0
0.6000000000000001,0.0,0.0
0.8,0.0,0.7159627322255581
1.0,0.0,0.5575707230817601
1.2000000000000002,0.0,0.0
1.4000000000000001,0.0,0.0
1.6,0.0,0.0
1.8,0.0,0.0
2.0,0.0,0.0
2.2,0.0,0.0
2.4000000000000004,0.0,0.0
2.6,0.0,0.0
2.8000000000000003,0.0,1.865029373180833
3.0,0.0,0.0
3.2,0.0,0.0
3.4000000000000004,0.0,0.0
3.6,0.0,0.0
3.8000000000000003,0.0,0.0
4.0,0.0,0.0
4.2,0.0,0.0
4.4,0.0,0.0
4.6000000000000005,0.0,0.0
4.800000000000001,0.0,0.0
5.0,0.0,0.0
5.2,0.0,0.0
5.4,0.0,0.0
5.6000000000000005,0.0,0.0
5.800000000000001,0.0,0.0
6.0,0.0,0.0
6.2,0.0,0.0
6.4,0.0,0.0
6.6000000000000005,0.0,0.0
6.800000000000001,0.0,0.0
7.0,0.0,0.339440232448123
7.2,0.0,0.0
7.4,0.0,0.0
7.6000000000000005,0.0,0.0
7.800000000000001,0.0,0.0
8.0,0.0,0.0
8.200000000000001,0.0,0.0
8.4,0.0,0.0
8.6,0.0,0.0
8.8,0.0,0.0
9.0,0.0,0.0
9.200000000000001,0.0,0.0
9.4,0.0,0.0
9.600000000000001,0.0,0.0
9.8,0.0,0.0
10.0,0.0,0.0
10.200000000000001,0.0,0.0
10.4,0.0,0.0
10.600000000000001,0.0,0.0
10.8,0.0,0.0
11.0,0.0,0.0
11.200000000000001,0.0,0.0
11.4,0.0,0.0
11.600000000000001,0.0,0.0
11.8,0.0,0.0
12.0,0.0,0.0
12.200000000000001,0.0,0.0
12.4,0.0,0.0
12.600000000000001,0.0,0.0
12.8,0.0,0.0
13.0,0.0,0.0
13.200000000000001,0.0,0.0
13.4,0.0,0.0
13.600000000000001,0.0,0.0
13.8,0.0,0.0
14.0,0.0,0.0
14.200000000000001,0.0,0.0
14.4,0.0,0.0
14.600000000000001,0.0,0.0
14.8,0.0,0.0
15.0,0.0,0.0
15.200000000000001,0.0,0.0
15.4,0.0,0.0
15.600000000000001,0.0,0.0
15.8,0.0,0.0
16.0,0.0,0.0
16.2,0.0,0.0
16.400000000000002,0.0,0.0
16.6,0.0,0.3086239049559319
16.8,0.0,0.0
17.0,0.0,0.0
17.2,0.0,0.0
17.400000000000002,0.0,0.0
17.6,0.0,0.0
17.8,0.0,0.0
18.0,0.0,0.0
18.2,0.0,0.0
18.400000000000002,0.0,0.0
18.6,0.0,0.0
18.8,0.0,0.0
19.0,0.0,0.0
19.200000000000003,0.0,0.0
19.400000000000002,0.0,0.0
19.6,0.0,0.0
19.8,0.0,0.0
20.0,0.0,0.0
20.200000000000003,0.0,0.0
20.400000000000002,0.0,0.0
20.6,0.0,0.0
20.8,0.0,0.2685827410811283
21.0,0.0,0.0
21.200000000000003,0.0,0.26065389460991784
21.400000000000002,0.0,0.0
21.6,0.0,0.0
21.8,0.0,0.0
22.0,0.0,0.0
22.200000000000003,0.0,0.0
22.400000000000002,0.0,0.0
22.6,0.0,0.0
22.8,0.0,0.0
23.0,0.0,0.0
23.200000000000003,0.0,0.0
23.400000000000002,0.0,0.0
23.6,0.0,0.0
23.8,0.0,0.0
24.0,0.0,0.0
24.200000000000003,0.0,0.0
24.400000000000002,0.0,0.0
24.6,0.0,0.0
24.8,0.0,0.0
25.0,0.0,0.0
25.200000000000003,0.0,0.0
25.400000000000002,0.0,0.0
25.6,0.0,0.0
25.8,0.0,0.0
26.0,0.0,0.0
26.200000000000003,0.0,0.0
26.400000000000002,0.0,0.0
26.6,0.0,0.0
26.8,0.0,0.0
27.0,0.0,0.0
27.200000000000003,0.0,0.0
27.400000000000002,0.0,0.0
27.6,0.0,0.0
27.8,0.0,0.0
28.0,0.0,0.0
28.200000000000003,0.0,0.0
28.400000000000002,0.0,0.0
28.6,0.0,0.0
28.8,0.0,0.0
29.0,0.0,0.0
29.200000000000003,0.0,0.0
29.400000000000002,0.0,0.0
29.6,0.0,0.0
29.8,0.0,0.0
30.0,0.0,0.0
30.200000000000003,0.0,0.0
30.400000000000002,0.0,0.0
30.6,0.0,0.0
30.8,0.0,0.0
31.0,0.0,0.0
31.200000000000003,0.0,0.0
31.400000000000002,0.0,0.0
31.6,0.0,0.0
31.8,0.0,0.0
32.0,0.0,0.0
32.2,0.0,0.0
32.4,0.0,0.0
32.6,0.0,0.2688949357366704
32.800000000000004,0.0,0.0
33.0,0.0,0.26533022110986976
33.2,0.0,0.0
33.4,0.0,0.0
33.6,0.0,0.0
33.800000000000004,0.0,0.0
34.0,0.0,0.0
34.2,0.0,0.0
34.4,0.0,0.0
34.6,0.0,0.0
34.800000000000004,0.0,0.0
35.0,0.0,0.28227171247209376
35.2,0.0,0.0
35.4,0.0,0.0
35.6,0.0,0.0
35.800000000000004,0.0,0.0
36.0,0.0,0.0
36.2,0.0,0.0
36.4,0.0,0.0
36.6,0.0,0.0
36.800000000000004,0.0,0.0
37.0,0.0,0.21372123670473014
37.2,0.0,0.0
37.4,0.0,0.0
37.6,0.0,0.0
37.800000000000004,0.0,0.0
38.0,0.0,0.0
38.2,0.0,0.23693542980022803
38.400000000000006,0.0,0.0
38.6,0.0,0.0
38.800000000000004,0.0,0.0
39.0,0.0,0.0
39.2,0.0,0.0
39.400000000000006,0.0,0.0
39.6,0.0,0.0
39.800000000000004,0.0,0.0
40.0,0.0,0.0
40.2,0.0,0.0
40.400000000000006,0.0,0.0
40.6,0.0,0.0
40.800000000000004,0.0,0.0
41.0,0.0,0.0
41.2,0.0,0.0
41.400000000000006,0.0,0.0
41.6,0.0,0.0
41.800000000000004,0.0,0.0
42.0,0.0,0.0
42.2,0.0,0.0
42.400000000000006,0.0,0.0
42.6,0.0,0.0
42.800000000000004,0.0,0.0
43.0,0.0,0.0
43.2,0.0,0.0
43.400000000000006,0.0,0.0
43.6,0.0,0.0
43.800000000000004,0.0,0.2698040834410708
44.0,0.0,0.0
44.2,0.0,0.0
44.400000000000006,0.0,0.0
44.6,0.0,0.0
44.800000000000004,0.0,0.0
45.0,0.0,0.0
45.2,0.0,0.0
45.400000000000006,0.0,0.0
45.6,0.0,0.0
45.800000000000004,0.0,0.0
46.0,0.0,0.0
46.2,0.0,0.0
46.400000000000006,0.0,0.0
46.6,0.0,0.0
46.800000000000004,0.0,0.0
47.0,0.0,0.0
47.2,0.0,0.0
47.400000000000006,0.0,0.0
47.6,0.0,0.0
47.800000000000004,0.0,0.0
48.0,0.0,0.205949036773912
48.2,0.0,0.0
48.400000000000006,0.0,0.0
48.6,0.0,0.0
48.800000000000004,0.0,0.0
49.0,0.0,0.0
49.2,0.0,0.0
49.400000000000006,0.0,0.0
49.6,0.0,0.0
49.800000000000004,0.0,0.0
50.0,0.0,0.0
50.2,0.0,0.0
50.400000000000006,0.0,0.0
50.6,0.0,0.0
50.800000000000004,0.0,0.0
51.0,0.0,0.0
51.2,0.0,0.0
51.400000000000006,0.0,0.0
51.6,0.0,0.0
51.800000000000004,0.0,0.0
52.0,0.0,0.0
52.2,0.0,0.0
52.400000000000006,0.0,0.0
52.6,0.0,0.0
52.800000000000004,0.0,0.21714490474601594
53.0,0.0,0.0
53.2,0.0,0.0
53.400000000000006,0.0,0.0
53.6,0.0,0.0
53.800000000000004,0.0,0.0
54.0,0.0,0.3665398773081586
54.2,0.0,0.0
54.400000000000006,0.0,0.0
54.6,0.0,0.0
54.800000000000004,0.0,0.30838001711931046
55.0,0.0,0.0
55.2,0.0,0.24242906120973148
55.400000000000006,0.0,0.0
55.6,0.0,0.0
55.800000000000004,0.0,0.407693613161554
56.0,0.0,0.0
56.2,0.0,0.32436283397348303
56.400000000000006,0.0,0.0
56.6,0.0,0.0
56.800000000000004,0.0,0.4367440151256696
57.0,0.0,0.3100521832866022
57.2,0.0,0.0
57.400000000000006,0.0,0.46276132768885203
57.6,0.0,0.0
57.800000000000004,0.0,0.38892610894050095
58.0,0.0,0.0
58.2,0.0,0.0
58.400000000000006,0.0,0.0
58.6,0.0,0.0
58.800000000000004,0.0,0.0
59.0,0.0,0.7481656712980463
59.2,0.0,0.0
59.400000000000006,0.0,0.0
59.6,0.0,0.0
59.800000000000004,0.0,0.0
60.0,0.0,0.0
60.2,0.0,0.0
60.400000000000006,0.0,0.0
60.6,0.0,0.5557001564834164
60.800000000000004,0.0,0.0
61.0,0.0,0.0
61.2,0.0,0.0
61.400000000000006,0.0,0.0
61.6,0.0,0.0
61.800000000000004,0.0,0.0
62.0,0.0,0.0
62.2,0.0,0.0
62.400000000000006,0.0,0.0
62.6,0.0,0.0
62.800000000000004,0.0,0.0
63.0,0.0,0.0
63.2,0.0,0.0
63.400000000000006,0.0,0.0
63.6,0.0,0.0
63.800000000000004,0.0,0.0
64.0,0.0,0.2430031059363992
64.2,0.0,0.0
64.4,0.0,0.0
64.60000000000001,0.0,0.0
64.8,0.0,0.0
65.0,0.0,0.0
65.2,0.0,0.0
65.4,0.0,0.0
65.60000000000001,0.0,0.0
65.8,0.0,0.0
66.0,0.0,0.0
66.2,0.0,0.0
66.4,0.0,0.0
66.60000000000001,0.0,0.0
66.8,0.0,0.20393612701287572
67.0,0.0,0.0
67.2,0.0,0.0
67.4,0.0,0.0
67.60000000000001,0.0,0.0
67.8,0.0,0.0
68.0,0.0,0.0
68.2,0.0,0.0
68.4,0.0,0.0
68.60000000000001,0.0,0.0
68.8,0.0,0.0
69.0,0.0,0.0
69.2,0.0,0.0
69.4,0.0,0.0
69.60000000000001,0.0,0.0
69.8,0.0,0.0
70.0,0.0,0.0
70.2,0.0,0.2075928948346767
70.4,0.0,0.0
70.60000000000001,0.0,0.0
70.8,0.0,0.0
71.0,0.0,0.0
71.2,0.0,0.0
71.4,0.0,0.0
71.60000000000001,0.0,0.0
71.8,0.0,0.0
72.0,0.0,0.0
72.2,0.0,0.0
72.4,0.0,0.0
72.60000000000001,0.0,0.0
72.8,0.0,0.0
73.0,0.0,0.0
73.2,0.0,0.0
73.4,0.0,0.0
73.60000000000001,0.0,0.0
73.8,0.0,0.0
74.0,0.0,0.0
74.2,0.0,0.0
74.4,0.0,0.0
74.60000000000001,0.0,0.0
74.8,0.0,0.0
75.0,0.0,0.0
75.2,0.0,0.0
75.4,0.0,0.0
75.60000000000001,0.0,0.0
75.8,0.0,0.0
76.0,0.0,0.0
76.2,0.0,0.0
76.4,0.0,0.0
76.60000000000001,0.0,0.0
76.80000000000001,0.0,0.0
77.0,0.0,0.0
77.2,0.0,0.0
77.4,0.0,0.0
77.60000000000001,0.0,0.0
77.80000000000001,0.0,0.0
78.0,0.0,0.0
78.2,0.0,0.0
78.4,0.0,0.0
78.60000000000001,0.0,0.0
78.80000000000001,0.0,0.0
79.0,0.0,0.0
79.2,0.0,0.0
79.4,0.0,0.0
79.60000000000001,0.0,0.0
79.80000000000001,0.0,0.0
80.0,0.0,0.0
80.2,0.0,0.0
80.4,0.0,0.0
80.60000000000001,0.0,0.0
80.80000000000001,0.0,0.0
81.0,0.0,0.0
81.2,0.0,0.0
81.4,0.0,0.0
81.60000000000001,0.0,0.0
81.80000000000001,0.0,0.0
82.0,0.0,0.0
82.2,0.0,0.0
82.4,0.0,0.0
82.60000000000001,0.0,0.0
82.80000000000001,0.0,0.0
83.0,0.0,0.0
83.2,0.0,0.28870911190013915
83.4,0.0,0.0
83.60000000000001,0.0,0.0
83.80000000000001,0.0,0.0
84.0,0.0,0.0
84.2,0.0,0.0
84.4,0.0,0.0
84.60000000000001,0.0,0.0
84.80000000000001,0.0,0.0
85.0,0.0,0.0
85.2,0.0,0.0
85.4,0.0,0.0
85.60000000000001,0.0,0.0
85.80000000000001,0.0,0.0
86.0,0.0,0.0
86.2,0.0,0.0
86.4,0.0,0.0
86.60000000000001,0.0,0.0
86.80000000000001,0.0,0.0
87.0,0.0,0.0
87.2,0.0,0.0
87.4,0.0,0.0
87.60000000000001,0.0,0.0
87.80000000000001,0.0,0.0
88.0,0.0,0.0
88.2,0.0,0.0
88.4,0.0,0.0
88.60000000000001,0.0,0.0
88.80000000000001,0.0,0.0
89.0,0.0,0.0
89.2,0.0,0.0
89.4,0.0,0.0
89.60000000000001,0.0,0.0
89.80000000000001,0.0,0.0
90.0,0.0,0.0
90.2,0.0,0.0
90.4,0.0,0.0
90.60000000000001,0.0,0.0
90.80000000000001,0.0,0.0
91.0,0.0,0.0
91.2,0.0,0.0
91.4,0.0,0.0
91.60000000000001,0.0,0.0
91.80000000000001,0.0,0.0
92.0,0.0,0.0
92.2,0.0,0.0
92.4,0.0,0.0
92.60000000000001,0.0,0.0
92.80000000000001,0.0,0.0
93.0,0.0,0.0
93.2,0.0,0.0
93.4,0.0,0.0
93.60000000000001,0.0,0.0
93.80000000000001,0.0,0.0
94.0,0.0,0.0
94.2,0.0,0.0
94.4,0.0,0.0
94.60000000000001,0.0,0.0
94.80000000000001,0.0,0.0
95.0,0.0,0.0
95.2,0.0,0.0
95.4,0.0,0.0
95.60000000000001,0.0,0.0
95.80000000000001,0.0,0.0
96.0,0.0,0.0
96.2,0.0,0.0
96.4,0.0,0.0
96.60000000000001,0.0,0.0
96.80000000000001,0.0,0.0
97.0,0.0,0.0
97.2,0.0,0.0
97.4,0.0,0.0
97.60000000000001,0.0,0.0
97.80000000000001,0.0,0.0
98.0,0.0,0.0
98.2,0.0,0.0
98.4,0.0,0.0
98.60000000000001,0.0,0.0
98.80000000000001,0.0,0.0
99.0,0.0,0.0
99.2,0.0,0.0
99.4,0.0,0.0
99.60000000000001,0.0,0.0
99.80000000000001,0.0,0.0
100.0,0.8994136577473527,0.0
100.2,0.0,0.0
100.4,0.0,0.0
100.60000000000001,0.0,0.0
100.80000000000001,0.0,0.0
101.0,0.0,0.0
101.2,0.0,0.0
101.4,0.0,0.0
101.60000000000001,0.0,0.0
101.80000000000001,0.0,0.0
102.0,0.0,0.0
102.2,0.0,0.0
102.4,0.0,0.0
102.60000000000001,0.0,0.0
102.80000000000001,0.0,0.0
103.0,0.0,0.0
103.2,0.0,0.0
103.4,0.0,0.0
103.60000000000001,0.0,0.0
103.80000000000001,0.0,0.0
104.0,0.0,0.0
104.2,0.0,0.0
104.4,0.0,0.0
104.60000000000001,0.0,0.0
104.80000000000001,0.0,0.0
105.0,0.0,0.0
105.2,0.0,0.0
105.4,0.0,0.0
105.60000000000001,0.0,0.0
105.80000000000001,0.0,0.0
106.0,0.0,0.0
106.2,0.0,0.0
106.4,0.0,0.0
106.60000000000001,0.0,0.0
106.80000000000001,0.0,0.0
107.0,0.0,0.0
107.2,0.0,0.0
107.4,0.0,0.0
107.60000000000001,0.0,0.0
107.80000000000001,0.0,0.0
108.0,0.0,0.0
108.2,0.0,0.0
108.4,0.0,0.0
108.60000000000001,0.0,0.0
108.80000000000001,0.0,0.0
109.0,0.0,0.0
109.2,0.0,0.0
109.4,0.0,0.0
109.60000000000001,0.0,0.0
109.80000000000001,0.0,0.0
110.0,0.0,0.0
110.2,0.0,0.0
110.4,0.0,0.0
110.60000000000001,0.0,0.0
110.80000000000001,0.0,0.0
111.0,0.0,0.0
111.2,0.0,0.0
111.4,0.0,0.0
111.60000000000001,0.0,0.0
111.80000000000001,0.0,0.0
112.0,0.0,0.0
112.2,0.0,0.0
112.4,0.0,0.0
112.60000000000001,0.0,0.0
112.80000000000001,0.0,0.0
113.0,0.0,0.0
113.2,0.0,0.0
113.4,0.0,0.0
113.60000000000001,0.0,0.0
113.80000000000001,0.0,0.0
114.0,0.0,0.0
114.2,0.0,0.0
114.4,0.0,0.0
114.60000000000001,0.0,0.0
114.80000000000001,0.0,0.0
115.0,0.0,0.0
115.2,0.0,0.0
115.4,0.0,0.0
115.60000000000001,0.0,0.0
115.80000000000001,0.0,0.0
116.0,0.0,0.0
116.2,0.0,0.0
116.4,0.0,0.0
116.60000000000001,0.0,0.0
116.80000000000001,0.0,0.0
117.0,0.0,0.0
117.2,0.0,0.0
117.4,0.0,0.0
117.60000000000001,0.0,3.7949206365377304
117.80000000000001,0.0,1.2133425867307024
118.0,0.0,0.7709141310027803
118.2,0.0,0.0
118.4,0.0,0.0
118.60000000000001,0.0,0.5935980037648785
118.80000000000001,0.0,0.0
119.0,0.0,0.0
119.2,0.0,0.0
119.4,0.0,0.0
119.60000000000001,0.0,0.0
119.80000000000001,0.0,0.25046020084977855
120.0,0.0,0.0
120.2,0.0,0.0
120.4,0.0,0.0
120.60000000000001,0.0,0.0
120.80000000000001,0.0,0.24929183894674672
121.0,0.0,0.0
121.2,0.0,0.0
121.4,0.0,0.0
121.60000000000001,0.0,0.0
121.80000000000001,0.0,0.0
122.0,0.0,0.0
122.2,0.0,0.0
122.4,0.0,0.0
122.60000000000001,0.0,0.0
122.80000000000001,0.0,0.0
123.0,0.0,0.0
123.2,0.0,0.0
123.4,0.0,0.0
123.60000000000001,0.0,0.0
123.80000000000001,0.0,0.0
124.0,0.0,0.2690009298812619
124.2,0.0,0.0
124.4,0.0,0.0
124.60000000000001,0.0,0.0
124.80000000000001,0.0,0.0
125.0,0.0,0.0
125.2,0.0,0.0
125.4,0.0,0.0
125.60000000000001,0.0,0.0
125.80000000000001,0.0,0.0
126.0,0.0,0.0
126.2,0.0,0.0
126.4,0.0,0.0
126.60000000000001,0.0,0.0
126.80000000000001,0.0,0.0
127.0,0.0,0.0
127.2,0.0,0.0
127.4,0.0,0.0
127.60000000000001,0.0,0.0
127.80000000000001,0.0,0.0
128.0,0.0,0.0
128.20000000000002,0.0,0.0
128.4,0.0,0.0
128.6,0.0,0.0
128.8,0.0,0.0
129.0,0.0,0.0
129.20000000000002,0.0,0.0
129.4,0.0,0.0
129.6,0.0,0.0
129.8,0.0,0.0
130.0,0.0,0.0
130.20000000000002,0.0,0.0
130.4,0.0,0.0
130.6,0.0,0.0
130.8,0.0,0.0
131.0,0.0,0.0
131.20000000000002,0.0,0.0
131.4,0.0,0.0
131.6,0.0,0.0
131.8,0.0,0.0
132.0,0.0,0.0
132.20000000000002,0.0,0.0
132.4,0.0,0.0
132.6,0.0,0.0
132.8,0.0,0.0
133.0,0.0,0.0
133.20000000000002,0.0,0.0
133.4,0.0,0.0
133.6,0.0,0.0
133.8,0.0,0.0
134.0,0.0,0.0
134.20000000000002,0.0,0.0
134.4,0.0,0.0
134.6,0.0,0.0
134.8,0.0,0.0
135.0,0.0,0.0
135.20000000000002,0.0,0.2464696781405426
135.4,0.0,0.0
135.6,0.0,0.0
135.8,0.0,0.0
136.0,0.0,0.0
136.20000000000002,0.0,0.0
136.4,0.0,0.0
136.6,0.0,0.0
136.8,0.0,0.0
137.0,0.0,0.0
137.20000000000002,0.0,0.0
137.4,0.0,0.0
137.6,0.0,0.40267376014412976
137.8,0.0,0.0
138.0,0.0,0.47171462255366803
138.20000000000002,0.0,0.0
138.4,0.0,0.0
138.6,0.0,0.0
138.8,0.0,0.40932807311845054
139.0,0.0,0.0
139.20000000000002,0.0,0.0
139.4,0.0,0.7349993777357895
139.6,0.0,0.0
139.8,0.0,0.0
140.0,0.0,0.0
140.20000000000002,0.0,0.0
140.4,0.0,0.0
140.6,0.0,0.0
140.8,0.0,0.0
141.0,0.0,0.0
141.20000000000002,0.0,0.0
141.4,0.0,0.0
141.6,0.0,0.0
141.8,0.0,0.0
142.0,0.0,0.3507911071519071
142.20000000000002,0.0,0.0
142.4,0.0,0.0
142.6,0.0,0.0
142.8,0.0,0.0
143.0,0.0,0.4097701705629733
143.20000000000002,0.0,0.6509042570514196
143.4,0.0,0.0
143.6,0.0,0.0
143.8,0.0,0.0
144.0,0.0,0.0
144.20000000000002,0.0,0.0
144.4,0.0,0.0
144.6,0.0,0.0
144.8,0.0,0.0
145.0,0.0,0.0
145.20000000000002,0.0,0.0
145.4,0.0,0.0
145.6,0.0,0.0
145.8,0.0,0.0
146.0,0.0,0.0
146.20000000000002,0.0,0.0
146.4,0.0,0.0
146.6,0.0,0.0
146.8,0.0,0.0
147.0,0.0,0.0
147.20000000000002,0.0,0.0
147.4,0.0,0.0
147.6,0.0,0.0
147.8,0.0,0.0
148.0,0.0,0.21338727590521897
148.20000000000002,0.0,0.0
148.4,0.0,0.0
148.6,0.0,0.0
148.8,0.0,0.0
149.0,0.0,0.0
149.20000000000002,0.0,0.0
149.4,0.0,0.0
149.6,0.0,0.0
149.8,0.0,0.0
150.0,0.0,0.0
150.20000000000002,0.0,0.0
150.4,0.0,0.0
150.6,0.0,0.0
150.8,0.0,0.0
151.0,0.0,0.0
151.20000000000002,0.0,0.0
151.4,0.0,0.0
151.6,0.0,0.0
151.8,0.0,0.0
152.0,0.0,0.0
152.20000000000002,0.0,0.0
152.4,0.0,0.0
152.6,0.0,0.0
152.8,0.0,0.0
153.0,0.0,0.0
153.20000000000002,0.0,0.0
153.4,0.0,0.0
153.60000000000002,0.0,0.0
153.8,0.0,0.0
154.0,0.0,0.0
154.20000000000002,0.0,0.0
154.4,0.0,0.0
154.60000000000002,0.0,0.0
154.8,0.0,0.0
155.0,0.0,0.0
155.20000000000002,0.0,0.0
155.4,0.0,0.0
155.60000000000002,0.0,0.0
155.8,0.0,0.0
156.0,0.0,0.0
156.20000000000002,0.0,0.0
156.4,0.0,0.0
156.60000000000002,0.0,0.26386518649879337
156.8,0.0,0.0
157.0,0.0,0.0
157.20000000000002,0.0,0.0
157.4,0.0,0.0
157.60000000000002,0.0,0.0
157.8,0.0,0.0
158.0,0.0,0.0
158.20000000000002,0.0,0.0
158.4,0.0,0.0
158.60000000000002,0.0,0.0
158.8,0.0,0.0
159.0,0.0,0.0
159.20000000000002,0.0,0.0
159.4,0.0,0.0
159.60000000000002,0.0,0.0
159.8,0.0,0.0
160.0,0.0,0.0
160.20000000000002,0.0,0.0
160.4,0.0,0.0
160.60000000000002,0.0,0.0
160.8,0.0,0.0
161.0,0.0,0.0
161.20000000000002,0.0,0.0
161.4,0.0,0.0
161.60000000000002,0.0,0.20024502112511608
161.8,0.0,0.0
162.0,0.0,0.0
162.20000000000002,0.0,0.0
162.4,0.0,0.0
162.60000000000002,0.0,0.0
162.8,0.0,0.0
163.0,0.0,0.0
163.20000000000002,0.0,0.0
163.4,0.0,0.0
163.60000000000002,0.0,0.0
163.8,0.0,0.0
164.0,0.0,0.0
164.20000000000002,0.0,0.0
164.4,0.0,0.0
164.60000000000002,0.0,0.0
164.8,0.0,0.0
165.0,0.0,0.0
165.20000000000002,0.0,0.0
165.4,0.0,0.0
165.60000000000002,0.0,0.0
165.8,0.0,0.0
166.0,0.0,0.0
166.20000000000002,0.0,0.0
166.4,0.0,0.0
166.60000000000002,0.0,0.0
166.8,0.0,0.0
167.0,0.0,0.0
167.20000000000002,0.0,0.0
167.4,0.0,0.0
167.60000000000002,0.0,0.0
167.8,0.0,0.0
168.0,0.0,0.0
168.20000000000002,0.0,0.0
168.4,0.0,0.0
168.60000000000002,0.0,0.0
168.8,0.0,0.0
169.0,0.0,0.0
169.20000000000002,0.0,0.0
169.4,0.0,0.0
169.60000000000002,0.0,0.0
169.8,0.0,0.0
170.0,0.0,0.0
170.20000000000002,0.0,0.0
170.4,0.0,0.0
170.60000000000002,0.0,0.0
170.8,0.0,0.0
171.0,0.0,0.0
171.20000000000002,0.0,0.0
171.4,0.0,0.0
171.60000000000002,0.0,0.0
171.8,0.0,0.0
172.0,0.0,0.0
172.20000000000002,0.0,0.0
172.4,0.0,0.0
172.60000000000002,0.0,0.0
172.8,0.0,0.0
173.0,0.0,0.0
173.20000000000002,0.0,0.0
173.4,0.0,0.0
173.60000000000002,0.0,0.0
173.8,0.0,0.0
174.0,0.0,0.0
174.20000000000002,0.0,0.0
174.4,0.0,0.0
174.60000000000002,0.0,0.0
174.8,0.0,0.0
175.0,0.0,0.0
175.20000000000002,0.0,0.0
175.4,0.0,0.0
175.60000000000002,0.0,0.0
175.8,0.0,0.0
176.0,0.0,0.0
176.20000000000002,0.0,0.2948692116660038
176.4,0.0,0.0
176.60000000000002,0.0,0.0
176.8,0.0,0.0
177.0,0.0,0.0
177.20000000000002,0.0,0.0
177.4,0.0,0.0
177.60000000000002,0.0,0.45004675358852286
177.8,0.0,0.0
178.0,0.0,0.0
178.20000000000002,0.0,0.0
178.4,0.0,0.0
178.60000000000002,0.0,0.0
178.8,0.0,0.3641717944954536
179.0,0.0,0.0
179.20000000000002,0.0,0.0
179.4,0.0,0.0
179.60000000000002,0.0,0.0
179.8,0.0,0.0
180.0,0.0,0.0
180.20000000000002,0.0,0.0
180.4,0.0,0.0
180.60000000000002,0.0,0.0
180.8,0.0,0.0
181.0,0.0,0.0
181.20000000000002,0.0,0.31794084463643796
181.4,0.0,0.0
181.60000000000002,0.0,0.23201268103800535
181.8,0.0,0.0
182.0,0.0,0.321664171970905
182.20000000000002,0.0,0.0
182.4,0.0,0.0
182.60000000000002,0.0,0.0
182.8,0.0,0.0
183.0,0.0,0.0
183.20000000000002,0.0,0.0
183.4,0.0,0.313021201417339
183.60000000000002,0.0,0.28463788271520657
183.8,0.0,0.0
184.0,0.0,0.0
184.20000000000002,0.0,0.0
184.4,0.0,0.0
184.60000000000002,0.0,0.0
184.8,0.0,0.0
185.0,0.0,0.0
185.20000000000002,0.0,0.0
185.4,0.0,0.0
185.60000000000002,0.0,0.0
185.8,0.0,0.0
186.0,0.0,0.0
186.20000000000002,0.0,0.0
186.4,0.0,0.0
186.60000000000002,0.0,0.0
186.8,0.0,0.0
187.0,0.0,0.0
187.20000000000002,0.0,0.0
187.4,0.0,0.0
187.60000000000002,0.0,0.2601411855894384
187.8,0.0,0.0
188.0,0.0,0.0
188.20000000000002,0.0,0.0
188.4,0.0,0.0
188.60000000000002,0.0,0.0
188.8,0.0,0.0
189.0,0.0,0.0
189.20000000000002,0.0,0.0
189.4,0.0,0.0
189.60000000000002,0.0,0.0
189.8,0.0,0.0
190.0,0.0,0.0
190.20000000000002,0.0,0.0
190.4,0.0,0.0
190.60000000000002,0.0,0.0
190.8,0.0,0.0
191.0,0.0,0.0
191.20000000000002,0.0,0.0
191.4,0.0,0.0
191.60000000000002,0.0,0.0
191.8,0.0,0.0
192.0,0.0,0.0
192.20000000000002,0.0,0.0
192.4,0.0,0.0
192.60000000000002,0.0,0.0
192.8,0.0,0.0
193.0,0.0,0.0
193.20000000000002,0.0,0.0
193.4,0.0,0.0
193.60000000000002,0.0,0.0
193.8,0.0,0.0
194.0,0.0,0.0
194.20000000000002,0.0,0.0
194.4,0.0,0.0
194.60000000000002,0.0,0.0
194.8,0.0,0.0
195.0,0.0,0.0
195.20000000000002,0.0,0.0
195.4,0.0,0.0
195.60000000000002,0.0,0.0
195.8,0.0,0.0
196.0,0.0,0.0
196.20000000000002,0.0,0.0
196.4,0.0,0.0
196.60000000000002,0.0,0.0
196.8,0.0,0.0
197.0,0.0,0.0
197.20000000000002,0.0,0.0
197.4,0.0,0.0
197.60000000000002,0.0,0.0
197.8,0.0,0.0
198.0,0.0,0.0
198.20000000000002,0.0,0.0
198.4,0.0,0.0
198.60000000000002,0.0,0.0
198.8,0.0,0.0
199.0,0.0,0.0
199.20000000000002,0.0,0.0
199.4,0.0,0.0
199.60000000000002,0.0,0.0
199.8,0.0,0.0
200.0,0.3500042941999078,0.0
200.20000000000002,0.0,0.0
200.4,0.0,0.0
200.60000000000002,0.0,0.0
200.8,0.0,0.0
201.0,0.0,0.0
201.20000000000002,0.0,0.0
201.4,0.0,0.0
201.60000000000002,0.0,0.0
201.8,0.0,0.0
202.0,0.0,0.0
202.20000000000002,0.0,0.0
202.4,0.0,0.0
202.60000000000002,0.0,0.0
202.8,0.0,0.0
203.0,0.0,0.0
203.20000000000002,0.0,0.0
203.4,0.0,0.0
203.60000000000002,0.0,0.0
203.8,0.0,0.0
204.0,0.0,0.0
204.20000000000002,0.0,0.0
204.4,0.0,0.0
204.60000000000002,0.0,0.0
204.8,0.0,0.0
205.0,0.0,0.0
205.20000000000002,0.0,0.0
205.4,0.0,0.0
205.60000000000002,0.0,0.0
205.8,0.0,0.0
206.0,0.0,0.0
206.20000000000002,0.0,0.0
206.4,0.0,0.0
206.60000000000002,0.0,0.0
206.8,0.0,0.0
207.0,0.0,0.0
207.20000000000002,0.0,0.0
207.4,0.0,0.0
207.60000000000002,0.0,0.0
207.8,0.0,0.0
208.0,0.0,0.0
208.20000000000002,0.0,0.0
208.4,0.0,0.0
208.60000000000002,0.0,0.0
208.8,0.0,0.0
209.0,0.0,0.0
209.20000000000002,0.0,0.0
209.4,0.0,0.0
209.60000000000002,0.0,0.0
209.8,0.0,0.0
210.0,0.0,0.0
210.20000000000002,0.0,0.0
210.4,0.0,0.0
210.60000000000002,0.0,0.0
210.8,0.0,0.0
211.0,0.0,0.0
211.20000000000002,0.0,0.0
211.4,0.0,0.0
211.60000000000002,0.0,0.0
211.8,0.0,0.0
212.0,0.0,0.0
212.20000000000002,0.0,0.0
212.4,0.0,0.0
212.60000000000002,0.0,0.0
212.8,0.0,0.23440091236312954
213.0,0.0,0.0
213.20000000000002,0.0,0.25492711207947244
213.4,0.0,0.0
213.60000000000002,0.0,0.0
213.8,0.0,0.0
214.0,0.0,0.0
214.20000000000002,0.0,0.0
214.4,0.0,0.0
214.60000000000002,0.0,0.0
214.8,0.0,0.0
215.0,0.0,0.0
215.20000000000002,0.0,0.0
215.4,0.0,0.38310801330146704
215.60000000000002,0.0,0.0
215.8,0.0,0.0
216.0,0.0,0.0
216.20000000000002,0.0,0.0
216.4,0.0,0.0
216.60000000000002,0.0,0.0
216.8,0.0,0.0
217.0,0.0,0.0
217.20000000000002,0.0,0.0
217.4,0.0,0.0
217.60000000000002,0.0,0.0
217.8,0.0,0.328615413864456
218.0,0.0,0.0
218.20000000000002,0.0,0.0
218.4,0.0,0.2518426814901131
218.60000000000002,0.0,0.0
218.8,0.0,0.0
219.0,0.0,0.0
219.20000000000002,0.0,0.0
219.4,0.0,0.0
219.60000000000002,0.0,0.4922664802632724
219.8,0.0,0.2259387403346228
220.0,0.0,0.26779443875902836
220.20000000000002,0.0,0.0
220.4,0.0,0.32346433454021184
220.60000000000002,0.0,0.0
220.8,0.0,0.0
221.0,0.0,0.0
221.20000000000002,0.0,0.39329238565715047
221.4,0.0,0.0
221.60000000000002,0.0,0.0
221.8,0.0,0.26128831735732044
222.0,0.0,0.0
222.20000000000002,0.0,0.0
222.4,0.0,0.0
222.60000000000002,0.0,0.0
222.8,0.0,0.3861512972639643
223.0,0.0,0.0
223.20000000000002,0.0,0.0
223.4,0.0,0.5189535074800835
223.60000000000002,0.0,0.0
223.8,0.0,0.0
224.0,0.0,0.0
224.20000000000002,0.0,0.0
224.4,0.0,0.201528659205478
224.60000000000002,0.0,0.0
224.8,0.0,0.0
225.0,0.0,0.0
225.20000000000002,0.0,0.0
225.4,0.0,0.0
225.60000000000002,0.0,0.0
225.8,0.0,0.0
226.0,0.0,0.0
226.20000000000002,0.0,0.0
226.4,0.0,0.0
226.60000000000002,0.0,0.0
226.8,0.0,0.0
227.0,0.0,0.0
227.20000000000002,0.0,0.0
227.4,0.0,0.0
227.60000000000002,0.0,0.0
227.8,0.0,0.0
228.0,0.0,0.0
228.20000000000002,0.0,0.0
228.4,0.0,0.0
228.60000000000002,0.0,0.0
228.8,0.0,0.0
229.0,0.0,0.0
229.20000000000002,0.0,0.0
229.4,0.0,0.0
229.60000000000002,0.0,0.0
229.8,0.0,0.0
230.0,0.0,0.0
230.20000000000002,0.0,0.0
230.4,0.0,0.0
230.60000000000002,0.0,0.0
230.8,0.0,0.0
231.0,0.0,0.0
231.20000000000002,0.0,0.0
231.4,0.0,0.0
231.60000000000002,0.0,0.0
231.8,0.0,0.0
232.0,0.0,0.0
232.20000000000002,0.0,0.0
232.4,0.0,0.0
232.60000000000002,0.0,0.0
232.8,0.0,0.0
233.0,0.0,0.0
233.20000000000002,0.0,0.0
233.4,0.0,0.0
233.60000000000002,0.0,0.0
233.8,0.0,0.0
234.0,0.0,0.0
234.20000000000002,0.0,0.0
234.4,0.0,0.0
234.60000000000002,0.0,0.0
234.8,0.0,0.0
235.0,0.0,0.0
235.20000000000002,0.0,0.0
235.4,0.0,0.0
235.60000000000002,0.0,0.0
235.8,0.0,0.0
236.0,0.0,0.0
236.20000000000002,0.0,0.0
236.4,0.0,0.0
236.60000000000002,0.0,0.0
236.8,0.0,0.0
237.0,0.0,0.0
237.20000000000002,0.0,0.0
237.4,0.0,0.0
237.60000000000002,0.0,0.0
237.8,0.0,0.0
238.0,0.0,0.0
238.20000000000002,0.0,0.0
238.4,0.0,0.0
238.60000000000002,0.0,0.0
238.8,0.0,0.0
239.0,0.0,0.0
239.20000000000002,0.0,0.0
239.4,0.0,0.0
239.60000000000002,0.0,0.0
239.8,0.0,0.0
240.0,0.0,0.0
240.20000000000002,0.0,0.0
240.4,0.0,0.0
240.60000000000002,0.0,0.0
240.8,0.0,0.0
241.0,0.0,0.0
241.20000000000002,0.0,0.0
241.4,0.0,0.0
241.60000000000002,0.0,0.0
241.8,0.0,0.0
242.0,0.0,0.0
242.20000000000002,0.0,0.0
242.4,0.0,0.0
242.60000000000002,0.0,0.0
242.8,0.0,0.0
243.0,0.0,0.0
243.20000000000002,0.0,0.0
243.4,0.0,0.0
243.60000000000002,0.0,0.0
243.8,0.0,0.0
244.0,0.0,0.0
244.20000000000002,0.0,0.0
244.4,0.0,0.0
244.60000000000002,0.0,0.0
244.8,0.0,0.0
245.0,0.0,0.0
245.20000000000002,0.0,0.0
245.4,0.0,0.0
245.60000000000002,0.0,0.0
245.8,0.0,0.0
246.0,0.0,0.0
246.20000000000002,0.0,0.0
246.4,0.0,0.0
246.60000000000002,0.0,0.0
246.8,0.0,0.0
247.0,0.0,0.0
247.20000000000002,0.0,0.0
247.4,0.0,0.0
247.60000000000002,0.0,0.0
247.8,0.0,0.0
248.0,0.0,0.0
248.20000000000002,0.0,0.0
248.4,0.0,0.0
248.60000000000002,0.0,0.0
248.8,0.0,0.0
249.0,0.0,0.0
249.20000000000002,0.0,0.0
249.4,0.0,0.0
249.60000000000002,0.0,0.0
249.8,0.0,0.0
250.0,0.0,0.0
250.20000000000002,0.0,0.0
250.4,0.0,0.0
250.60000000000002,0.0,0.0
250.8,0.0,0.0
251.0,0.0,0.0
251.20000000000002,0.0,0.0
251.4,0.0,0.0
251.60000000000002,0.0,0.0
251.8,0.0,0.0
252.0,0.0,0.0
252.20000000000002,0.0,0.0
252.4,0.0,0.0
252.60000000000002,0.0,0.0
252.8,0.0,0.0
253.0,0.0,0.0
253.20000000000002,0.0,0.0
253.4,0.0,0.0
253.60000000000002,0.0,0.0
253.8,0.0,0.0
254.0,0.0,0.0
254.20000000000002,0.0,0.0
254.4,0.0,0.0
254.60000000000002,0.0,0.38251872090810396
254.8,0.0,0.22761088507336408
255.0,0.0,0.0
255.20000000000002,0.0,0.0
255.4,0.0,0.0
255.60000000000002,0.0,0.0
255.8,0.0,0.0
256.0,0.0,0.0
256.2,0.0,0.0
256.40000000000003,0.0,0.0
256.6,0.0,0.0
256.8,0.0,0.22487601544963698
257.0,0.0,0.0
257.2,0.0,0.0
257.40000000000003,0.0,0.0
257.6,0.0,0.0
257.8,0.0,0.0
258.0,0.0,0.0
258.2,0.0,0.0
258.40000000000003,0.0,0.0
258.6,0.0,0.0
258.8,0.0,0.0
259.0,0.0,0.2948525797143978
259.2,0.0,0.0
259.40000000000003,0.0,0.0
259.6,0.0,0.6135401339756468
259.8,0.0,0.0
260.0,0.0,0.0
260.2,0.0,0.0
260.40000000000003,0.0,0.0
260.6,0.0,0.0
260.8,0.0,0.0
261.0,0.0,0.0
261.2,0.0,0.0
261.40000000000003,0.0,0.44863961785207795
261.6,0.0,0.0
261.8,0.0,0.0
262.0,0.0,0.0
262.2,0.0,0.0
262.40000000000003,0.0,0.0
262.6,0.0,0.25030233526507023
262.8,0.0,0.0
263.0,0.0,0.0
263.2,0.0,0.0
263.40000000000003,0.0,0.0
263.6,0.0,0.0
263.8,0.0,0.0
264.0,0.0,0.0
264.2,0.0,0.0
264.40000000000003,0.0,0.0
264.6,0.0,0.0
264.8,0.0,0.0
265.0,0.0,0.0
265.2,0.0,0.0
265.40000000000003,0.0,0.0
265.6,0.0,0.0
265.8,0.0,0.0
266.0,0.0,0.0
266.2,0.0,0.0
266.40000000000003,0.0,0.0
266.6,0.0,0.0
266.8,0.0,0.0
267.0,0.0,0.0
267.2,0.0,0.0
267.40000000000003,0.0,0.0
267.6,0.0,0.0
267.8,0.0,0.0
268.0,0.0,0.0
268.2,0.0,0.0
268.40000000000003,0.0,0.0
268.6,0.0,0.0
268.8,0.0,0.0
269.0,0.0,0.0
269.2,0.0,0.0
269.40000000000003,0.0,0.0
269.6,0.0,0.0
269.8,0.0,0.0
270.0,0.0,0.0
270.2,0.0,0.0
270.40000000000003,0.0,0.0
270.6,0.0,0.0
270.8,0.0,0.0
271.0,0.0,0.0
271.2,0.0,0.0
271.40000000000003,0.0,0.0
271.6,0.0,0.0
271.8,0.0,0.0
272.0,0.0,0.0
272.2,0.0,0.0
272.40000000000003,0.0,0.0
272.6,0.0,0.0
272.8,0.0,0.0
273.0,0.0,0.0
273.2,0.0,0.0
273.40000000000003,0.0,0.0
273.6,0.0,0.0
273.8,0.0,0.0
274.0,0.0,0.0
274.2,0.0,0.0
274.40000000000003,0.0,0.0
274.6,0.0,0.0
274.8,0.0,0.0
275.0,0.0,0.0
275.2,0.0,0.0
275.40000000000003,0.0,0.0
275.6,0.0,0.0
275.8,0.0,0.0
276.0,0.0,0.0
276.2,0.0,0.0
276.40000000000003,0.0,0.0
276.6,0.0,0.0
276.8,0.0,0.0
277.0,0.0,0.0
277.2,0.0,0.0
277.40000000000003,0.0,0.0
277.6,0.0,0.0
277.8,0.0,0.0
278.0,0.0,0.0
278.2,0.0,0.0
278.40000000000003,0.0,0.0
278.6,0.0,0.0
278.8,0.0,0.0
279.0,0.0,0.0
279.2,0.0,0.0
279.40000000000003,0.0,0.0
279.6,0.0,0.0
279.8,0.0,0.0
280.0,0.0,0.0
280.2,0.0,0.0
280.40000000000003,0.0,0.0
280.6,0.0,0.0
280.8,0.0,0.0
281.0,0.0,0.0
281.2,0.0,0.0
281.40000000000003,0.0,0.0
281.6,0.0,0.0
281.8,0.0,0.0
282.0,0.0,0.0
282.2,0.0,0.0
282.40000000000003,0.0,0.0
282.6,0.0,0.0
282.8,0.0,0.0
283.0,0.0,0.0
283.2,0.0,0.0
283.40000000000003,0.0,0.0
283.6,0.0,0.0
283.8,0.0,0.0
284.0,0.0,0.0
284.2,0.0,0.0
284.40000000000003,0.0,0.0
284.6,0.0,0.0
284.8,0.0,0.0
285.0,0.0,0.0
285.2,0.0,0.0
285.40000000000003,0.0,0.0
285.6,0.0,0.0
285.8,0.0,0.0
286.0,0.0,0.0
286.2,0.0,0.0
286.40000000000003,0.0,0.0
286.6,0.0,0.0
286.8,0.0,0.0
287.0,0.0,0.0
287.2,0.0,0.0
287.40000000000003,0.0,0.0
287.6,0.0,0.0
287.8,0.0,0.0
288.0,0.0,0.0
288.2,0.0,0.0
288.40000000000003,0.0,0.0
288.6,0.0,0.0
288.8,0.0,0.0
289.0,0.0,0.0
289.2,0.0,0.0
289.40000000000003,0.0,0.0
289.6,0.0,0.0
289.8,0.0,0.0
290.0,0.0,0.0
290.2,0.0,0.0
290.40000000000003,0.0,0.0
290.6,0.0,0.0
290.8,0.0,0.0
291.0,0.0,0.0
291.2,0.0,0.0
291.40000000000003,0.0,0.0
291.6,0.0,0.0
291.8,0.0,0.0
292.0,0.0,0.0
292.2,0.0,0.0
292.40000000000003,0.0,0.0
292.6,0.0,0.0
292.8,0.0,0.0
293.0,0.0,0.0
293.2,0.0,0.0
293.40000000000003,0.0,0.0
293.6,0.0,0.0
293.8,0.0,0.0
294.0,0.0,0.0
294.2,0.0,0.0
294.40000000000003,0.0,0.0
294.6,0.0,0.0
294.8,0.0,0.0
295.0,0.0,0.0
295.2,0.0,0.0
295.40000000000003,0.0,0.0
295.6,0.0,0.0
295.8,0.0,0.0
296.0,0.0,0.0
296.2,0.0,0.0
296.40000000000003,0.0,0.0
296.6,0.0,0.0
296.8,0.0,0.0
297.0,0.0,0.0
297.2,0.0,0.0
297.40000000000003,0.0,0.0
297.6,0.0,0.0
297.8,0.0,0.0
298.0,0.0,0.0
298.2,0.0,0.0
298.40000000000003,0.0,0.0
298.6,0.0,0.0
298.8,0.0,0.0
299.0,0.0,0.0
299.2,0.0,0.0
299.40000000000003,0.0,0.0
299.6,0.0,0.0
299.8,0.0,0.0
300.0,0.5094770124027871,0.0
300.2,0.0,0.0
300.40000000000003,0.0,0.0
300.6,0.0,0.0
300.8,0.0,0.0
301.0,0.0,0.0
301.2,0.0,0.0
301.40000000000003,0.0,0.0
301.6,0.0,0.0
301.8,0.0,0.0
302.0,0.0,0.0
302.2,0.0,0.0
302.40000000000003,0.0,0.0
302.6,0.0,0.0
302.8,0.0,0.0
303.0,0.0,0.0
303.2,0.0,0.0
303.40000000000003,0.0,0.0
303.6,0.0,0.0
303.8,0.0,0.0
304.0,0.0,0.0
304.2,0.0,0.0
304.40000000000003,0.0,0.0
304.6,0.0,0.0
304.8,0.0,0.0
305.0,0.0,0.0
305.2,0.0,0.0
305.40000000000003,0.0,0.0
305.6,0.0,0.0
305.8,0.0,0.0
306.0,0.0,0.0
306.2,0.0,0.0
306.40000000000003,0.0,0.0
306.6,0.0,0.0
306.8,0.0,0.0
307.0,0.0,0.0
307.20000000000005,0.0,0.0
307.40000000000003,0.0,0.0
307.6,0.0,0.0
307.8,0.0,0.0
308.0,0.0,0.0
308.20000000000005,0.0,0.0
308.40000000000003,0.0,0.0
308.6,0.0,0.0
308.8,0.0,0.0
309.0,0.0,0.0
309.20000000000005,0.0,0.0
309.40000000000003,0.0,0.0
309.6,0.0,0.0
309.8,0.0,0.0
310.0,0.0,0.0
310.20000000000005,0.0,0.0
310.40000000000003,0.0,0.0
310.6,0.0,0.0
310.8,0.0,0.0
311.0,0.0,0.0
311.20000000000005,0.0,0.0
311.40000000000003,0.0,0.0
311.6,0.0,0.0
311.8,0.0,0.0
312.0,0.0,0.0
312.20000000000005,0.0,0.0
312.40000000000003,0.0,0.0
312.6,0.0,0.0
312.8,0.0,0.0
313.0,0.0,0.0
313.20000000000005,0.0,0.0
313.40000000000003,0.0,0.0
313.6,0.0,0.0
313.8,0.0,0.0
314.0,0.0,0.0
314.20000000000005,0.0,0.0
314.40000000000003,0.0,0.0
314.6,0.0,0.0
314.8,0.0,0.0
315.0,0.0,0.0
315.20000000000005,0.0,0.0
315.40000000000003,0.0,0.0
315.6,0.0,0.0
315.8,0.0,0.0
316.0,0.0,0.0
316.20000000000005,0.0,0.0
316.40000000000003,0.0,0.0
316.6,0.0,0.0
316.8,0.0,0.0
317.0,0.0,0.0
317.20000000000005,0.0,0.0
317.40000000000003,0.0,0.0
317.6,0.0,0.0
317.8,0.0,0.0
318.0,0.0,0.0
318.20000000000005,0.0,0.0
318.40000000000003,0.0,0.0
318.6,0.0,0.0
318.8,0.0,0.0
319.0,0.0,0.0
319.20000000000005,0.0,0.0
319.40000000000003,0.0,0.0
319.6,0.0,0.0
319.8,0.0,0.0
320.0,0.0,0.0
320.20000000000005,0.0,0.0
320.40000000000003,0.0,0.0
320.6,0.0,0.0
320.8,0.0,0.0
321.0,0.0,0.0
321.20000000000005,0.0,0.0
321.40000000000003,0.0,0.0
321.6,0.0,0.0
321.8,0.0,0.0
322.0,0.0,0.0
322.20000000000005,0.0,0.0
322.40000000000003,0.0,0.0
322.6,0.0,0.0
322.8,0.0,0.0
323.0,0.0,0.0
323.20000000000005,0.0,0.0
323.40000000000003,0.0,0.0
323.6,0.0,0.0
323.8,0.0,0.0
324.0,0.0,0.0
324.20000000000005,0.0,0.0
324.40000000000003,0.0,0.0
324.6,0.0,0.0
324.8,0.0,0.0
325.0,0.0,0.0
325.20000000000005,0.0,0.0
325.40000000000003,0.0,0.0
325.6,0.0,0.0
325.8,0.0,0.0
326.0,0.0,0.0
326.20000000000005,0.0,0.0
326.40000000000003,0.0,0.0
326.6,0.0,0.0
326.8,0.0,0.0
327.0,0.0,0.0
327.20000000000005,0.0,0.0
327.40000000000003,0.0,0.0
327.6,0.0,0.0
327.8,0.0,0.0
328.0,0.0,0.0
328.20000000000005,0.0,0.0
328.40000000000003,0.0,0.0
328.6,0.0,0.0
328.8,0.0,0.0
329.0,0.0,0.0
329.20000000000005,0.0,0.0
329.40000000000003,0.0,0.0
329.6,0.0,0.0
329.8,0.0,0.0
330.0,0.0,0.0
330.20000000000005,0.0,0.0
330.40000000000003,0.0,0.0
330.6,0.0,0.0
330.8,0.0,0.0
331.0,0.0,0.0
331.20000000000005,0.0,0.0
331.40000000000003,0.0,0.0
331.6,0.0,0.0
331.8,0.0,0.0
332.0,0.0,0.0
332.20000000000005,0.0,0.0
332.40000000000003,0.0,0.0
332.6,0.0,0.0
332.8,0.0,0.0
333.0,0.0,0.0
333.20000000000005,0.0,0.0
333.40000000000003,0.0,0.0
333.6,0.0,0.0
333.8,0.0,0.0
334.0,0.0,0.0
334.20000000000005,0.0,0.0
334.40000000000003,0.0,0.0
334.6,0.0,0.0
334.8,0.0,0.0
335.0,0.0,0.0
335.20000000000005,0.0,0.0
335.40000000000003,0.0,0.0
335.6,0.0,0.0
335.8,0.0,0.0
336.0,0.0,0.0
336.20000000000005,0.0,0.0
336.40000000000003,0.0,0.0
336.6,0.0,0.0
336.8,0.0,0.0
337.0,0.0,0.0
337.20000000000005,0.0,0.0
337.40000000000003,0.0,0.0
337.6,0.0,0.3048777083016242
337.8,0.0,0.0
338.0,0.0,0.0
338.20000000000005,0.0,0.0
338.40000000000003,0.0,0.0
338.6,0.0,0.0
338.8,0.0,0.3474212244633717
339.0,0.0,0.0
339.20000000000005,0.0,0.3443637425976747
339.40000000000003,0.0,0.0
339.6,0.0,0.0
339.8,0.0,0.0
340.0,0.0,0.0
340.20000000000005,0.0,0.5744935220818421
340.40000000000003,0.0,0.0
340.6,0.0,0.5505201731098794
340.8,0.0,0.0
341.0,0.0,0.0
341.20000000000005,0.0,0.2450874087591549
341.40000000000003,0.0,0.0
341.6,0.0,0.0
341.8,0.0,0.0
342.0,0.0,0.0
342.20000000000005,0.0,0.0
342.40000000000003,0.0,0.0
342.6,0.0,0.0
342.8,0.0,0.4494513902379997
343.0,0.0,0.0
343.20000000000005,0.0,0.4358103342616074
343.40000000000003,0.0,0.0
343.6,0.0,0.0
343.8,0.0,0.0
344.0,0.0,0.0
344.20000000000005,0.0,0.0
344.40000000000003,0.0,0.0
344.6,0.0,0.0
344.8,0.0,0.0
345.0,0.0,0.0
345.20000000000005,0.0,0.0
345.40000000000003,0.0,0.0
345.6,0.0,0.0
345.8,0.0,0.0
346.0,0.0,0.0
346.20000000000005,0.0,0.0
346.40000000000003,0.0,0.0
346.6,0.0,0.0
346.8,0.0,0.0
347.0,0.0,0.0
347.20000000000005,0.0,0.0
347.40000000000003,0.0,0.0
347.6,0.0,0.0
347.8,0.0,0.0
348.0,0.0,0.0
348.20000000000005,0.0,0.0
348.40000000000003,0.0,0.0
348.6,0.0,0.0
348.8,0.0,0.0
349.0,0.0,0.0
349.20000000000005,0.0,0.0
349.40000000000003,0.0,0.0
349.6,0.0,0.0
349.8,0.0,0.0
350.0,0.0,0.0
350.20000000000005,0.0,0.0
350.40000000000003,0.0,0.0
350.6,0.0,0.0
350.8,0.0,0.0
351.0,0.0,0.0
351.20000000000005,0.0,0.0
351.40000000000003,0.0,0.0
351.6,0.0,0.0
351.8,0.0,0.0
352.0,0.0,0.0
352.20000000000005,0.0,0.0
352.40000000000003,0.0,0.0
352.6,0.0,0.0
352.8,0.0,0.0
353.0,0.0,0.0
353.20000000000005,0.0,0.0
353.40000000000003,0.0,0.0
353.6,0.0,0.0
353.8,0.0,0.0
354.0,0.0,0.0
354.20000000000005,0.0,0.0
354.40000000000003,0.0,0.0
354.6,0.0,0.0
354.8,0.0,0.0
355.0,0.0,0.0
355.20000000000005,0.0,0.0
355.40000000000003,0.0,0.0
355.6,0.0,0.0
355.8,0.0,0.0
356.0,0.0,0.0
356.20000000000005,0.0,0.0
356.40000000000003,0.0,0.0
356.6,0.0,0.0
356.8,0.0,0.0
357.0,0.0,0.0
357.20000000000005,0.0,0.0
357.40000000000003,0.0,0.0
357.6,0.0,0.0
357.8,0.0,0.0
358.0,0.0,0.0
358.20000000000005,0.0,0.0
358.40000000000003,0.0,0.0
358.6,0.0,0.0
358.8,0.0,0.0
359.0,0.0,0.0
359.20000000000005,0.0,0.0
359.40000000000003,0.0,0.0
359.6,0.0,0.0
359.8,0.0,0.0
360.0,0.0,0.0
360.20000000000005,0.0,0.0
360.40000000000003,0.0,0.0
360.6,0.0,0.0
360.8,0.0,0.0
361.0,0.0,0.0
361.20000000000005,0.0,0.0
361.40000000000003,0.0,0.0
361.6,0.0,0.0
361.8,0.0,0.0
362.0,0.0,0.0
362.20000000000005,0.0,0.0
362.40000000000003,0.0,0.0
362.6,0.0,0.0
362.8,0.0,0.0
363.0,0.0,0.0
363.20000000000005,0.0,0.0
363.40000000000003,0.0,0.0
363.6,0.0,0.0
363.8,0.0,0.0
364.0,0.0,0.0
364.20000000000005,0.0,0.0
364.40000000000003,0.0,0.0
364.6,0.0,0.0
364.8,0.0,0.0
365.0,0.0,0.0
365.20000000000005,0.0,0.0
365.40000000000003,0.0,0.0
365.6,0.0,0.0
365.8,0.0,0.0
366.0,0.0,0.0
366.20000000000005,0.0,0.0
366.40000000000003,0.0,0.0
366.6,0.0,0.0
366.8,0.0,0.0
367.0,0.0,0.0
367.20000000000005,0.0,0.0
367.40000000000003,0.0,0.0
367.6,0.0,0.0
367.8,0.0,0.0
368.0,0.0,0.0
368.20000000000005,0.0,0.0
368.40000000000003,0.0,0.0
368.6,0.0,0.0
368.8,0.0,0.0
369.0,0.0,0.0
369.20000000000005,0.0,0.0
369.40000000000003,0.0,0.0
369.6,0.0,0.0
369.8,0.0,0.0
370.0,0.0,0.0
370.20000000000005,0.0,0.0
370.40000000000003,0.0,0.0
370.6,0.0,0.0
370.8,0.0,0.0
371.0,0.0,0.0
371.20000000000005,0.0,0.0
371.40000000000003,0.0,0.0
371.6,0.0,0.0
371.8,0.0,0.0
372.0,0.0,0.0
372.20000000000005,0.0,0.0
372.40000000000003,0.0,0.0
372.6,0.0,0.0
372.8,0.0,0.0
373.0,0.0,0.0
373.20000000000005,0.0,0.0
373.40000000000003,0.0,0.0
373.6,0.0,0.0
373.8,0.0,0.0
374.0,0.0,0.0
374.20000000000005,0.0,0.0
374.40000000000003,0.0,0.0
374.6,0.0,0.0
374.8,0.0,0.0
375.0,0.0,0.0
375.20000000000005,0.0,0.0
375.40000000000003,0.0,0.0
375.6,0.0,0.0
375.8,0.0,0.0
376.0,0.0,0.0
376.20000000000005,0.0,0.0
376.40000000000003,0.0,0.0
376.6,0.0,0.0
376.8,0.0,0.0
377.0,0.0,0.0
377.20000000000005,0.0,0.0
377.40000000000003,0.0,0.0
377.6,0.0,0.0
377.8,0.0,0.0
378.0,0.0,0.0
378.20000000000005,0.0,0.0
378.40000000000003,0.0,0.0
378.6,0.0,0.0
378.8,0.0,0.0
379.0,0.0,0.34970825745683637
379.20000000000005,0.0,0.0
379.40000000000003,0.0,0.0
379.6,0.0,0.39676330470962323
379.8,0.0,0.0
380.0,0.0,0.0
380.20000000000005,0.0,0.5975790431610496
380.40000000000003,0.0,0.0
380.6,0.0,0.0
380.8,0.0,0.0
381.0,0.0,0.0
381.20000000000005,0.0,0.0
381.40000000000003,0.0,0.0
381.6,0.0,0.0
381.8,0.0,0.0
382.0,0.0,0.0
382.20000000000005,0.0,0.0
382.40000000000003,0.0,0.0
382.6,0.0,0.0
382.8,0.0,0.0
383.0,0.0,0.0
383.20000000000005,0.0,0.0
383.40000000000003,0.0,0.0
383.6,0.0,0.0
383.8,0.0,0.0
384.0,0.0,0.0
384.20000000000005,0.0,0.0
384.40000000000003,0.0,0.0
384.6,0.0,0.0
384.8,0.0,0.0
385.0,0.0,0.0
385.20000000000005,0.0,0.0
385.40000000000003,0.0,0.0
385.6,0.0,0.0
385.8,0.0,0.0
386.0,0.0,0.0
386.20000000000005,0.0,0.23195939975183616
386.40000000000003,0.0,0.0
386.6,0.0,0.0
386.8,0.0,0.0
387.0,0.0,0.0
387.20000000000005,0.0,0.0
387.40000000000003,0.0,0.0
387.6,0.0,0.0
387.8,0.0,0.0
388.0,0.0,0.0
388.20000000000005,0.0,0.0
388.40000000000003,0.0,0.0
388.6,0.0,0.0
388.8,0.0,0.0
389.0,0.0,0.0
389.20000000000005,0.0,0.0
389.40000000000003,0.0,0.0
389.6,0.0,0.0
389.8,0.0,0.0
390.0,0.0,0.0
390.20000000000005,0.0,0.0
390.40000000000003,0.0,0.0
390.6,0.0,0.0
390.8,0.0,0.0
391.0,0.0,0.0
391.20000000000005,0.0,0.0
391.40000000000003,0.0,0.0
391.6,0.0,0.0
391.8,0.0,0.0
392.0,0.0,0.0
392.20000000000005,0.0,0.0
392.40000000000003,0.0,0.0
392.6,0.0,0.0
392.8,0.0,0.0
393.0,0.0,0.0
393.20000000000005,0.0,0.0
393.40000000000003,0.0,0.0
393.6,0.0,0.0
393.8,0.0,0.0
394.0,0.0,0.0
394.20000000000005,0.0,0.0
394.40000000000003,0.0,0.0
394.6,0.0,0.0
394.8,0.0,0.0
395.0,0.0,0.0
395.20000000000005,0.0,0.0
395.40000000000003,0.0,0.0
395.6,0.0,0.0
395.8,0.0,0.0
396.0,0.0,0.0
396.20000000000005,0.0,0.0
396.40000000000003,0.0,0.0
396.6,0.0,0.0
396.8,0.0,0.0
397.0,0.0,0.0
397.20000000000005,0.0,0.0
397.40000000000003,0.0,0.0
397.6,0.0,0.0
397.8,0.0,0.0
398.0,0.0,0.0
398.20000000000005,0.0,0.0
398.40000000000003,0.0,0.0
398.6,0.0,0.0
398.8,0.0,0.0
399.0,0.0,0.0
399.20000000000005,0.0,0.0
399.40000000000003,0.0,0.0
399.6,0.0,0.0
399.8,0.0,0.0
400.0,0.2983242685515897,0.0
400.20000000000005,0.0,0.0
400.40000000000003,0.0,0.0
400.6,0.0,0.0
400.8,0.0,0.0
401.0,0.0,0.0
401.20000000000005,0.0,0.0
401.40000000000003,0.0,0.0
401.6,0.0,0.0
401.8,0.0,0.0
402.0,0.0,0.0
402.20000000000005,0.0,0.0
402.40000000000003,0.0,0.0
402.6,0.0,0.0
402.8,0.0,0.0
403.0,0.0,0.0
403.20000000000005,0.0,0.0
403.40000000000003,0.0,0.0
403.6,0.0,0.0
403.8,0.0,0.0
404.0,0.0,0.0
404.20000000000005,0.0,0.0
404.40000000000003,0.0,0.0
404.6,0.0,0.0
404.8,0.0,0.0
405.0,0.0,0.0
405.20000000000005,0.0,0.0
405.40000000000003,0.0,0.0
405.6,0.0,0.0
405.8,0.0,0.0
406.0,0.0,0.0
406.20000000000005,0.0,0.0
406.40000000000003,0.0,0.0
406.6,0.0,0.0
406.8,0.0,0.0
407.0,0.0,0.0
407.20000000000005,0.0,0.0
407.40000000000003,0.0,0.0
407.6,0.0,0.0
407.8,0.0,0.0
408.0,0.0,0.0
408.20000000000005,0.0,0.0
408.40000000000003,0.0,0.0
408.6,0.0,0.0
408.8,0.0,0.0
409.0,0.0,0.0
409.20000000000005,0.0,0.0
409.40000000000003,0.0,0.0
409.6,0.0,0.0
409.8,0.0,0.0
410.0,0.0,0.0
410.20000000000005,0.0,0.0
410.40000000000003,0.0,0.0
410.6,0.0,0.0
410.8,0.0,0.0
411.0,0.0,0.0
411.20000000000005,0.0,0.0
411.40000000000003,0.0,0.0
411.6,0.0,0.0
411.8,0.0,0.0
412.0,0.0,0.0
412.20000000000005,0.0,0.0
412.40000000000003,0.0,0.0
412.6,0.0,0.0
412.8,0.0,0.0
413.0,0.0,0.0
413.20000000000005,0.0,0.0
413.40000000000003,0.0,0.0
413.6,0.0,0.0
413.8,0.0,0.0
414.0,0.0,0.0
414.20000000000005,0.0,0.0
414.40000000000003,0.0,0.0
414.6,0.0,0.0
414.8,0.0,0.0
415.0,0.0,0.0
415.20000000000005,0.0,0.0
415.40000000000003,0.0,0.0
415.6,0.0,0.0
415.8,0.0,0.0
416.0,0.0,0.0
416.20000000000005,0.0,0.0
416.40000000000003,0.0,0.0
416.6,0.0,0.0
416.8,0.0,0.0
417.0,0.0,0.0
417.20000000000005,0.0,0.0
417.40000000000003,0.0,0.0
417.6,0.0,0.0
417.8,0.0,0.2393464230207093
418.0,0.0,0.0
418.20000000000005,0.0,0.0
418.40000000000003,0.0,0.0
418.6,0.0,0.281570023478071
418.8,0.0,0.0
419.0,0.0,0.29833312724055955
419.20000000000005,0.0,0.0
419.40000000000003,0.0,0.0
419.6,0.0,0.0
419.8,0.0,0.4123351074625107
420.0,0.0,0.0
420.20000000000005,0.0,0.0
420.40000000000003,0.0,0.0
420.6,0.0,0.0
420.8,0.0,0.0
421.0,0.0,0.0
421.20000000000005,0.0,0.0
421.40000000000003,0.0,0.0
421.6,0.0,0.0
421.8,0.0,0.0
422.0,0.0,0.0
422.20000000000005,0.0,0.0
422.40000000000003,0.0,0.0
422.6,0.0,0.0
422.8,0.0,0.0
423.0,0.0,0.0
423.20000000000005,0.0,0.0
423.40000000000003,0.0,0.0
423.6,0.0,0.0
423.8,0.0,0.0
424.0,0.0,0.0
424.20000000000005,0.0,0.0
424.40000000000003,0.0,0.0
424.6,0.0,0.0
424.8,0.0,0.0
425.0,0.0,0.0
425.20000000000005,0.0,0.0
425.40000000000003,0.0,0.0
425.6,0.0,0.0
425.8,0.0,0.0
426.0,0.0,0.0
426.20000000000005,0.0,0.0
426.40000000000003,0.0,0.0
426.6,0.0,0.0
426.8,0.0,0.0
427.0,0.0,0.0
427.20000000000005,0.0,0.0
427.40000000000003,0.0,0.0
427.6,0.0,0.0
427.8,0.0,0.0
428.0,0.0,0.0
428.20000000000005,0.0,0.0
428.40000000000003,0.0,0.0
428.6,0.0,0.0
428.8,0.0,0.0
429.0,0.0,0.0
429.20000000000005,0.0,0.0
429.40000000000003,0.0,0.0
429.6,0.0,0.0
429.8,0.0,0.0
430.0,0.0,0.0
430.20000000000005,0.0,0.0
430.40000000000003,0.0,0.0
430.6,0.0,0.0
430.8,0.0,0.0
431.0,0.0,0.0
431.20000000000005,0.0,0.0
431.40000000000003,0.0,0.0
431.6,0.0,0.0
431.8,0.0,0.0
432.0,0.0,0.0
432.20000000000005,0.0,0.0
432.40000000000003,0.0,0.0
432.6,0.0,0.0
432.8,0.0,0.0
433.0,0.0,0.0
433.20000000000005,0.0,0.0
433.40000000000003,0.0,0.0
433.6,0.0,0.0
433.8,0.0,0.0
434.0,0.0,0.0
434.20000000000005,0.0,0.0
434.40000000000003,0.0,0.0
434.6,0.0,0.0
434.8,0.0,0.0
435.0,0.0,0.0
435.20000000000005,0.0,0.0
435.40000000000003,0.0,0.0
435.6,0.0,0.0
435.8,0.0,0.0
436.0,0.0,0.0
436.20000000000005,0.0,0.0
436.40000000000003,0.0,0.0
436.6,0.0,0.0
436.8,0.0,0.0
437.0,0.0,0.0
437.20000000000005,0.0,0.0
437.40000000000003,0.0,0.0
437.6,0.0,0.0
437.8,0.0,0.0
438.0,0.0,0.0
438.20000000000005,0.0,0.0
438.40000000000003,0.0,0.0
438.6,0.0,0.0
438.8,0.0,0.0
439.0,0.0,0.0
439.20000000000005,0.0,0.0
439.40000000000003,0.0,0.0
439.6,0.0,0.0
439.8,0.0,0.0
440.0,0.0,0.0
440.20000000000005,0.0,0.0
440.40000000000003,0.0,0.0
440.6,0.0,0.0
440.8,0.0,0.0
441.0,0.0,0.0
441.20000000000005,0.0,0.0
441.40000000000003,0.0,0.0
441.6,0.0,0.0
441.8,0.0,0.0
442.0,0.0,0.0
442.20000000000005,0.0,0.0
442.40000000000003,0.0,0.0
442.6,0.0,0.0
442.8,0.0,0.0
443.0,0.0,0.0
443.20000000000005,0.0,0.0
443.40000000000003,0.0,0.0
443.6,0.0,0.0
443.8,0.0,0.0
444.0,0.0,0.0
444.20000000000005,0.0,0.0
444.40000000000003,0.0,0.0
444.6,0.0,0.0
444.8,0.0,0.0
445.0,0.0,0.0
445.20000000000005,0.0,0.0
445.40000000000003,0.0,0.0
445.6,0.0,0.0
445.8,0.0,0.0
446.0,0.0,0.0
446.20000000000005,0.0,0.0
446.40000000000003,0.0,0.0
446.6,0.0,0.0
446.8,0.0,0.0
447.0,0.0,0.0
447.20000000000005,0.0,0.0
447.40000000000003,0.0,0.0
447.6,0.0,0.0
447.8,0.0,0.0
448.0,0.0,0.0
448.20000000000005,0.0,0.0
448.40000000000003,0.0,0.0
448.6,0.0,0.0
448.8,0.0,0.0
449.0,0.0,0.0
449.20000000000005,0.0,0.0
449.40000000000003,0.0,0.0
449.6,0.0,0.0
449.8,0.0,0.0
450.0,0.0,0.0
450.20000000000005,0.0,0.0
450.40000000000003,0.0,0.0
450.6,0.0,0.0
450.8,0.0,0.0
451.0,0.0,0.0
451.20000000000005,0.0,0.0
451.40000000000003,0.0,0.0
451.6,0.0,0.0
451.8,0.0,0.0
452.0,0.0,0.0
452.20000000000005,0.0,0.0
452.40000000000003,0.0,0.0
452.6,0.0,0.0
452.8,0.0,0.0
453.0,0.0,0.0
453.20000000000005,0.0,0.0
453.40000000000003,0.0,0.0
453.6,0.0,0.0
453.8,0.0,0.0
454.0,0.0,0.0
454.20000000000005,0.0,0.0
454.40000000000003,0.0,0.0
454.6,0.0,0.0
454.8,0.0,0.0
455.0,0.0,0.0
455.20000000000005,0.0,0.0
455.40000000000003,0.0,0.0
455.6,0.0,0.0
455.8,0.0,0.0
456.0,0.0,0.0
456.20000000000005,0.0,0.0
456.40000000000003,0.0,0.0
456.6,0.0,0.27067224818911845
456.8,0.0,0.0
457.0,0.0,0.0
457.20000000000005,0.0,0.0
457.40000000000003,0.0,0.0
457.6,0.0,0.0
457.8,0.0,0.0
458.0,0.0,0.0
458.20000000000005,0.0,0.0
458.40000000000003,0.0,0.0
458.6,0.0,0.0
458.8,0.0,0.0
459.0,0.0,0.0
459.20000000000005,0.0,0.0
459.40000000000003,0.0,0.0
459.6,0.0,0.0
459.8,0.0,0.0
460.0,0.0,0.0
460.20000000000005,0.0,0.0
460.40000000000003,0.0,0.0
460.6,0.0,0.22254925849310886
460.8,0.0,0.0
461.0,0.0,0.0
461.20000000000005,0.0,0.0
461.40000000000003,0.0,0.514509612343429
461.6,0.0,0.0
461.8,0.0,0.0
462.0,0.0,0.4490566112608296
462.20000000000005,0.0,0.0
462.40000000000003,0.0,0.0
462.6,0.0,0.0
462.8,0.0,0.0
463.0,0.0,0.0
463.20000000000005,0.0,0.0
463.40000000000003,0.0,0.0
463.6,0.0,0.0
463.8,0.0,0.0
464.0,0.0,0.0
464.20000000000005,0.0,0.0
464.40000000000003,0.0,0.0
464.6,0.0,0.0
464.8,0.0,0.0
465.0,0.0,0.0
465.20000000000005,0.0,0.0
465.40000000000003,0.0,0.0
465.6,0.0,0.0
465.8,0.0,0.0
466.0,0.0,0.0
466.20000000000005,0.0,0.0
466.40000000000003,0.0,0.0
466.6,0.0,0.0
466.8,0.0,0.0
467.0,0.0,0.0
467.20000000000005,0.0,0.0
467.40000000000003,0.0,0.0
467.6,0.0,0.0
467.8,0.0,0.0
468.0,0.0,0.0
468.20000000000005,0.0,0.0
468.40000000000003,0.0,0.0
468.6,0.0,0.0
468.8,0.0,0.0
469.0,0.0,0.0
469.20000000000005,0.0,0.0
469.40000000000003,0.0,0.0
469.6,0.0,0.0
469.8,0.0,0.0
470.0,0.0,0.0
470.20000000000005,0.0,0.0
470.40000000000003,0.0,0.0
470.6,0.0,0.0
470.8,0.0,0.0
471.0,0.0,0.0
471.20000000000005,0.0,0.0
471.40000000000003,0.0,0.0
471.6,0.0,0.0
471.8,0.0,0.0
472.0,0.0,0.0
472.20000000000005,0.0,0.0
472.40000000000003,0.0,0.0
472.6,0.0,0.0
472.8,0.0,0.0
473.0,0.0,0.0
473.20000000000005,0.0,0.0
473.40000000000003,0.0,0.0
473.6,0.0,0.0
473.8,0.0,0.0
474.0,0.0,0.0
474.20000000000005,0.0,0.0
474.40000000000003,0.0,0.0
474.6,0.0,0.0
474.8,0.0,0.0
475.0,0.0,0.0
475.20000000000005,0.0,0.0
475.40000000000003,0.0,0.0
475.6,0.0,0.0
475.8,0.0,0.0
476.0,0.0,0.0
476.20000000000005,0.0,0.0
476.40000000000003,0.0,0.0
476.6,0.0,0.0
476.8,0.0,0.0
477.0,0.0,0.0
477.20000000000005,0.0,0.0
477.40000000000003,0.0,0.0
477.6,0.0,0.0
477.8,0.0,0.0
478.0,0.0,0.0
478.20000000000005,0.0,0.0
478.40000000000003,0.0,0.0
478.6,0.0,0.0
478.8,0.0,0.0
479.0,0.0,0.0
479.20000000000005,0.0,0.0
479.40000000000003,0.0,0.0
479.6,0.0,0.0
479.8,0.0,0.0
480.0,0.0,0.0
480.20000000000005,0.0,0.0
480.40000000000003,0.0,0.0
480.6,0.0,0.0
480.8,0.0,0.0
481.0,0.0,0.0
481.20000000000005,0.0,0.0
481.40000000000003,0.0,0.0
481.6,0.0,0.0
481.8,0.0,0.0
482.0,0.0,0.0
482.20000000000005,0.0,0.0
482.40000000000003,0.0,0.0
482.6,0.0,0.0
482.8,0.0,0.0
483.0,0.0,0.0
483.20000000000005,0.0,0.0
483.40000000000003,0.0,0.0
483.6,0.0,0.0
483.8,0.0,0.0
484.0,0.0,0.0
484.20000000000005,0.0,0.0
484.40000000000003,0.0,0.0
484.6,0.0,0.0
484.8,0.0,0.0
485.0,0.0,0.0
485.20000000000005,0.0,0.0
485.40000000000003,0.0,0.0
485.6,0.0,0.0
485.8,0.0,0.0
486.0,0.0,0.0
486.20000000000005,0.0,0.0
486.40000000000003,0.0,0.0
486.6,0.0,0.0
486.8,0.0,0.0
487.0,0.0,0.0
487.20000000000005,0.0,0.0
487.40000000000003,0.0,0.0
487.6,0.0,0.0
487.8,0.0,0.0
488.0,0.0,0.0
488.20000000000005,0.0,0.0
488.40000000000003,0.0,0.0
488.6,0.0,0.0
488.8,0.0,0.0
489.0,0.0,0.0
489.20000000000005,0.0,0.0
489.40000000000003,0.0,0.0
489.6,0.0,0.0
489.8,0.0,0.0
490.0,0.0,0.0
490.20000000000005,0.0,0.0
490.40000000000003,0.0,0.0
490.6,0.0,0.0
490.8,0.0,0.0
491.0,0.0,0.0
491.20000000000005,0.0,0.0
491.40000000000003,0.0,0.0
491.6,0.0,0.0
491.8,0.0,0.0
492.0,0.0,0.0
492.20000000000005,0.0,0.0
492.40000000000003,0.0,0.0
492.6,0.0,0.0
492.8,0.0,0.0
493.0,0.0,0.0
493.20000000000005,0.0,0.0
493.40000000000003,0.0,0.0
493.6,0.0,0.0
493.8,0.0,0.0
494.0,0.0,0.0
494.20000000000005,0.0,0.0
494.40000000000003,0.0,0.0
494.6,0.0,0.0
494.8,0.0,0.0
495.0,0.0,0.0
495.20000000000005,0.0,0.0
495.40000000000003,0.0,0.0
495.6,0.0,0.0
495.8,0.0,0.0
496.0,0.0,0.0
496.20000000000005,0.0,0.0
496.40000000000003,0.0,0.0
496.6,0.0,0.0
496.8,0.0,0.0
497.0,0.0,0.0
497.20000000000005,0.0,0.0
497.40000000000003,0.0,0.0
497.6,0.0,0.0
497.8,0.0,0.0
498.0,0.0,0.0
498.20000000000005,0.0,0.0
498.40000000000003,0.0,0.0
498.6,0.0,0.0
498.8,0.0,0.0
499.0,0.0,0.0
499.20000000000005,0.0,0.0
499.40000000000003,0.0,0.0
499.6,0.0,0.0
499.8,0.0,0.0
500.0,0.30565126332766324,0.0
500.20000000000005,0.0,0.0
500.40000000000003,0.0,0.0
500.6,0.0,0.0
500.8,0.0,0.0
501.0,0.0,0.0
501.20000000000005,0.0,0.0
501.40000000000003,0.0,0.0
501.6,0.0,0.0
501.8,0.0,0.0
502.0,0.0,0.0
502.20000000000005,0.0,0.0
502.40000000000003,0.0,0.0
502.6,0.0,0.0
502.8,0.0,0.0
503.0,0.0,0.0
503.20000000000005,0.0,0.0
503.40000000000003,0.0,0.0
503.6,0.0,0.0
503.8,0.0,0.0
504.0,0.0,0.0
504.20000000000005,0.0,0.0
504.40000000000003,0.0,0.0
504.6,0.0,0.0
504.8,0.0,0.0
505.0,0.0,0.0
505.20000000000005,0.0,0.0
505.40000000000003,0.0,0.0
505.6,0.0,0.0
505.8,0.0,0.0
506.0,0.0,0.0
506.20000000000005,0.0,0.0
506.40000000000003,0.0,0.0
506.6,0.0,0.0
506.8,0.0,0.0
507.0,0.0,0.0
507.20000000000005,0.0,0.0
507.40000000000003,0.0,0.0
507.6,0.0,0.0
507.8,0.0,0.0
508.0,0.0,0.0
508.20000000000005,0.0,0.0
508.40000000000003,0.0,0.0
508.6,0.0,0.0
508.8,0.0,0.0
509.0,0.0,0.0
509.20000000000005,0.0,0.0
509.40000000000003,0.0,0.0
509.6,0.0,0.0
509.8,0.0,0.0
510.0,0.0,0.0
510.20000000000005,0.0,0.0
510.40000000000003,0.0,0.0
510.6,0.0,0.0
510.8,0.0,0.0
511.0,0.0,0.0
511.20000000000005,0.0,0.0
511.40000000000003,0.0,0.0
511.6,0.0,0.3014100091780651
511.8,0.0,0.0
512.0,0.0,0.0
512.2,0.0,0.0
512.4,0.0,0.0
512.6,0.0,0.3840597184236218
512.8000000000001,0.0,0.31792994827941395
513.0,0.0,0.0
513.2,0.0,0.0
513.4,0.0,0.39156439648441005
513.6,0.0,0.0
513.8000000000001,0.0,0.0
514.0,0.0,0.0
514.2,0.0,0.0
514.4,0.0,0.0
514.6,0.0,0.0
514.8000000000001,0.0,0.22478458214591687
515.0,0.0,0.0
515.2,0.0,0.26077905212378594
515.4,0.0,0.4949688559648066
515.6,0.0,0.0
515.8000000000001,0.0,0.0
516.0,0.0,0.0
516.2,0.0,0.0
516.4,0.0,0.0
516.6,0.0,0.0
516.8000000000001,0.0,0.0
517.0,0.0,0.0
517.2,0.0,0.0
517.4,0.0,0.0
517.6,0.0,0.0
517.8000000000001,0.0,0.0
518.0,0.0,0.0
518.2,0.0,0.0
518.4,0.0,0.0
518.6,0.0,0.0
518.8000000000001,0.0,0.0
519.0,0.0,0.0
519.2,0.0,0.34071528513774546
519.4,0.0,0.0
519.6,0.0,0.0
519.8000000000001,0.0,0.0
520.0,0.0,0.0
520.2,0.0,0.0
520.4,0.0,0.0
520.6,0.0,0.0
520.8000000000001,0.0,0.0
521.0,0.0,0.0
521.2,0.0,0.0
521.4,0.0,0.0
521.6,0.0,0.0
521.8000000000001,0.0,0.0
522.0,0.0,0.0
522.2,0.0,0.0
522.4,0.0,0.0
522.6,0.0,0.0
522.8000000000001,0.0,0.0
523.0,0.0,0.0
523.2,0.0,0.0
523.4,0.0,0.0
523.6,0.0,0.0
523.8000000000001,0.0,0.0
524.0,0.0,0.0
524.2,0.0,0.0
524.4,0.0,0.0
524.6,0.0,0.0
524.8000000000001,0.0,0.0
525.0,0.0,0.0
525.2,0.0,0.0
525.4,0.0,0.0
525.6,0.0,0.0
525.8000000000001,0.0,0.0
526.0,0.0,0.0
526.2,0.0,0.0
526.4,0.0,0.0
526.6,0.0,0.0
526.8000000000001,0.0,0.0
527.0,0.0,0.0
527.2,0.0,0.0
527.4,0.0,0.0
527.6,0.0,0.0
527.8000000000001,0.0,0.0
528.0,0.0,0.0
528.2,0.0,0.0
528.4,0.0,0.0
528.6,0.0,0.0
528.8000000000001,0.0,0.0
529.0,0.0,0.0
529.2,0.0,0.0
529.4,0.0,0.0
529.6,0.0,0.0
529.8000000000001,0.0,0.0
530.0,0.0,0.0
530.2,0.0,0.0
530.4,0.0,0.0
530.6,0.0,0.0
530.8000000000001,0.0,0.0
531.0,0.0,0.0
531.2,0.0,0.0
531.4,0.0,0.0
531.6,0.0,0.0
531.8000000000001,0.0,0.0
532.0,0.0,0.0
532.2,0.0,0.0
532.4,0.0,0.0
532.6,0.0,0.0
532.8000000000001,0.0,0.0
533.0,0.0,0.0
533.2,0.0,0.0
533.4,0.0,0.0
533.6,0.0,0.0
533.8000000000001,0.0,0.0
534.0,0.0,0.0
534.2,0.0,0.0
534.4,0.0,0.0
534.6,0.0,0.0
534.8000000000001,0.0,0.0
535.0,0.0,0.0
535.2,0.0,0.0
535.4,0.0,0.0
535.6,0.0,0.0
535.8000000000001,0.0,0.0
536.0,0.0,0.0
536.2,0.0,0.0
536.4,0.0,0.0
536.6,0.0,0.0
536.8000000000001,0.0,0.0
537.0,0.0,0.0
537.2,0.0,0.2554985726656758
537.4,0.0,0.0
537.6,0.0,0.0
537.8000000000001,0.0,0.0
538.0,0.0,0.0
538.2,0.0,0.0
538.4,0.0,0.0
538.6,0.0,0.0
538.8000000000001,0.0,0.0
539.0,0.0,0.0
539.2,0.0,0.3299247261118662
539.4,0.0,0.0
539.6,0.0,0.0
539.8000000000001,0.0,0.0
540.0,0.0,0.0
540.2,0.0,0.29693668017709773
540.4,0.0,0.0
540.6,0.0,0.0
540.8000000000001,0.0,0.0
541.0,0.0,0.0
541.2,0.0,0.0
541.4,0.0,0.0
541.6,0.0,0.20800291219931405
541.8000000000001,0.0,0.0
542.0,0.0,0.0
542.2,0.0,0.0
542.4,0.0,0.0
542.6,0.0,0.0
542.8000000000001,0.0,0.2757768150545988
543.0,0.0,0.0
543.2,0.0,0.0
543.4,0.0,0.0
543.6,0.0,0.0
543.8000000000001,0.0,0.0
544.0,0.0,0.0
544.2,0.0,0.0
544.4,0.0,0.0
544.6,0.0,0.0
544.8000000000001,0.0,0.0
545.0,0.0,0.0
545.2,0.0,0.0
545.4,0.0,0.0
545.6,0.0,0.0
545.8000000000001,0.0,0.0
546.0,0.0,0.0
546.2,0.0,0.0
546.4,0.0,0.0
546.6,0.0,0.0
546.8000000000001,0.0,0.0
547.0,0.0,0.0
547.2,0.0,0.0
547.4,0.0,0.0
547.6,0.0,0.0
547.8000000000001,0.0,0.0
548.0,0.0,0.0
548.2,0.0,0.0
548.4,0.0,0.0
548.6,0.0,0.0
548.8000000000001,0.0,0.0
549.0,0.0,0.0
549.2,0.0,0.0
549.4,0.0,0.0
549.6,0.0,0.0
549.8000000000001,0.0,0.0
550.0,0.0,0.0
550.2,0.0,0.0
550.4,0.0,0.0
550.6,0.0,0.0
550.8000000000001,0.0,0.0
551.0,0.0,0.0
551.2,0.0,0.0
551.4,0.0,0.0
551.6,0.0,0.0
551.8000000000001,0.0,0.0
552.0,0.0,0.0
552.2,0.0,0.0
552.4,0.0,0.0
552.6,0.0,0.0
552.8000000000001,0.0,0.0
553.0,0.0,0.0
553.2,0.0,0.0
553.4,0.0,0.0
553.6,0.0,0.0
553.8000000000001,0.0,0.0
554.0,0.0,0.0
554.2,0.0,0.0
554.4,0.0,0.0
554.6,0.0,0.0
554.8000000000001,0.0,0.0
555.0,0.0,0.0
555.2,0.0,0.0
555.4,0.0,0.0
555.6,0.0,0.0
555.8000000000001,0.0,0.0
556.0,0.0,0.0
556.2,0.0,0.0
556.4,0.0,0.0
556.6,0.0,0.0
556.8000000000001,0.0,0.0
557.0,0.0,0.0
557.2,0.0,0.0
557.4,0.0,0.0
557.6,0.0,0.0
557.8000000000001,0.0,0.0
558.0,0.0,0.0
558.2,0.0,0.0
558.4,0.0,0.0
558.6,0.0,0.0
558.8000000000001,0.0,0.0
559.0,0.0,0.0
559.2,0.0,0.0
559.4,0.0,0.0
559.6,0.0,0.0
559.8000000000001,0.0,0.0
560.0,0.0,0.0
560.2,0.0,0.0
560.4,0.0,0.0
560.6,0.0,0.0
560.8000000000001,0.0,0.0
561.0,0.0,0.0
561.2,0.0,0.0
561.4,0.0,0.0
561.6,0.0,0.0
561.8000000000001,0.0,0.0
562.0,0.0,0.0
562.2,0.0,0.0
562.4,0.0,0.0
562.6,0.0,0.0
562.8000000000001,0.0,0.0
563.0,0.0,0.0
563.2,0.0,0.0
563.4,0.0,0.0
563.6,0.0,0.0
563.8000000000001,0.0,0.0
564.0,0.0,0.0
564.2,0.0,0.0
564.4,0.0,0.0
564.6,0.0,0.0
564.8000000000001,0.0,0.0
565.0,0.0,0.0
565.2,0.0,0.0
565.4,0.0,0.0
565.6,0.0,0.0
565.8000000000001,0.0,0.0
566.0,0.0,0.0
566.2,0.0,0.0
566.4,0.0,0.0
566.6,0.0,0.0
566.8000000000001,0.0,0.0
567.0,0.0,0.0
567.2,0.0,0.0
567.4,0.0,0.0
567.6,0.0,0.0
567.8000000000001,0.0,0.0
568.0,0.0,0.0
568.2,0.0,0.0
568.4,0.0,0.0
568.6,0.0,0.0
568.8000000000001,0.0,0.0
569.0,0.0,0.0
569.2,0.0,0.0
569.4,0.0,0.0
569.6,0.0,0.0
569.8000000000001,0.0,0.0
570.0,0.0,0.0
570.2,0.0,0.0
570.4,0.0,0.0
570.6,0.0,0.0
570.8000000000001,0.0,0.0
571.0,0.0,0.0
571.2,0.0,0.0
571.4,0.0,0.0
571.6,0.0,0.0
571.8000000000001,0.0,0.0
572.0,0.0,0.0
572.2,0.0,0.0
572.4,0.0,0.0
572.6,0.0,0.0
572.8000000000001,0.0,0.0
573.0,0.0,0.0
573.2,0.0,0.0
573.4,0.0,0.0
573.6,0.0,0.0
573.8000000000001,0.0,0.0
574.0,0.0,0.0
574.2,0.0,0.0
574.4,0.0,0.0
574.6,0.0,0.0
574.8000000000001,0.0,0.0
575.0,0.0,0.0
575.2,0.0,0.0
575.4,0.0,0.0
575.6,0.0,0.0
575.8000000000001,0.0,0.0
576.0,0.0,0.0
576.2,0.0,0.0
576.4,0.0,0.0
576.6,0.0,0.0
576.8000000000001,0.0,0.0
577.0,0.0,0.0
577.2,0.0,0.0
577.4,0.0,0.2624031302966961
577.6,0.0,0.0
577.8000000000001,0.0,0.0
578.0,0.0,0.0
578.2,0.0,0.0
578.4,0.0,0.0
578.6,0.0,0.0
578.8000000000001,0.0,0.0
579.0,0.0,0.2270481343433094
579.2,0.0,0.0
579.4,0.0,0.30226139026550874
579.6,0.0,0.0
579.8000000000001,0.0,0.0
580.0,0.0,0.0
580.2,0.0,0.0
580.4,0.0,0.0
580.6,0.0,0.0
580.8000000000001,0.0,0.0
581.0,0.0,0.0
581.2,0.0,0.0
581.4,0.0,0.0
581.6,0.0,0.34778127585326063
581.8000000000001,0.0,0.0
582.0,0.0,0.0
582.2,0.0,0.0
582.4,0.0,0.0
582.6,0.0,0.0
582.8000000000001,0.0,0.0
583.0,0.0,0.0
583.2,0.0,0.0
583.4,0.0,0.0
583.6,0.0,0.0
583.8000000000001,0.0,0.0
584.0,0.0,0.0
584.2,0.0,0.0
584.4,0.0,0.0
584.6,0.0,0.0
584.8000000000001,0.0,0.0
585.0,0.0,0.0
585.2,0.0,0.0
585.4,0.0,0.0
585.6,0.0,0.0
585.8000000000001,0.0,0.0
586.0,0.0,0.0
586.2,0.0,0.0
586.4,0.0,0.0
586.6,0.0,0.0
586.8000000000001,0.0,0.0
587.0,0.0,0.0
587.2,0.0,0.0
587.4,0.0,0.0
587.6,0.0,0.0
587.8000000000001,0.0,0.0
588.0,0.0,0.0
588.2,0.0,0.0
588.4,0.0,0.0
588.6,0.0,0.0
588.8000000000001,0.0,0.0
589.0,0.0,0.0
589.2,0.0,0.0
589.4,0.0,0.0
589.6,0.0,0.0
589.8000000000001,0.0,0.0
590.0,0.0,0.0
590.2,0.0,0.0
590.4,0.0,0.0
590.6,0.0,0.0
590.8000000000001,0.0,0.0
591.0,0.0,0.0
591.2,0.0,0.0
591.4,0.0,0.0
591.6,0.0,0.0
591.8000000000001,0.0,0.0
592.0,0.0,0.0
592.2,0.0,0.0
592.4,0.0,0.0
592.6,0.0,0.0
592.8000000000001,0.0,0.0
593.0,0.0,0.0
593.2,0.0,0.0
593.4,0.0,0.0
593.6,0.0,0.0
593.8000000000001,0.0,0.0
594.0,0.0,0.0
594.2,0.0,0.0
594.4,0.0,0.0
594.6,0.0,0.0
594.8000000000001,0.0,0.0
595.0,0.0,0.0
595.2,0.0,0.0
595.4,0.0,0.0
595.6,0.0,0.0
595.8000000000001,0.0,0.0
596.0,0.0,0.0
596.2,0.0,0.0
596.4,0.0,0.0
596.6,0.0,0.0
596.8000000000001,0.0,0.0
597.0,0.0,0.0
597.2,0.0,0.0
597.4,0.0,0.0
597.6,0.0,0.0
597.8000000000001,0.0,0.0
598.0,0.0,0.0
598.2,0.0,0.0
598.4,0.0,0.0
598.6,0.0,0.0
598.8000000000001,0.0,0.0
599.0,0.0,0.0
599.2,0.0,0.0
599.4,0.0,0.0
599.6,0.0,0.0
599.8000000000001,0.0,0.0
600.0,0.2089771171444455,0.0
600.2,0.0,0.0
600.4,0.0,0.0
600.6,0.0,0.0
600.8000000000001,0.0,0.0
601.0,0.0,0.0
601.2,0.0,0.0
601.4,0.0,0.0
601.6,0.0,0.0
601.8000000000001,0.0,0.0
602.0,0.0,0.0
602.2,0.0,0.0
602.4,0.0,0.0
602.6,0.0,0.0
602.8000000000001,0.0,0.0
603.0,0.0,0.0
603.2,0.0,0.0
603.4,0.0,0.0
603.6,0.0,0.0
603.8000000000001,0.0,0.0
604.0,0.0,0.0
604.2,0.0,0.0
604.4,0.0,0.0
604.6,0.0,0.0
604.8000000000001,0.0,0.0
605.0,0.0,0.0
605.2,0.0,0.0
605.4,0.0,0.0
605.6,0.0,0.0
605.8000000000001,0.0,0.0
606.0,0.0,0.0
606.2,0.0,0.0
606.4,0.0,0.0
606.6,0.0,0.0
606.8000000000001,0.0,0.0
607.0,0.0,0.0
607.2,0.0,0.0
607.4,0.0,0.0
607.6,0.0,0.0
607.8000000000001,0.0,0.0
608.0,0.0,0.0
608.2,0.0,0.0
608.4,0.0,0.0
608.6,0.0,0.0
608.8000000000001,0.0,0.0
609.0,0.0,0.0
609.2,0.0,0.0
609.4,0.0,0.0
609.6,0.0,0.0
609.8000000000001,0.0,0.0
610.0,0.0,0.0
610.2,0.0,0.0
610.4,0.0,0.0
610.6,0.0,0.0
610.8000000000001,0.0,0.0
611.0,0.0,0.0
611.2,0.0,0.0
611.4,0.0,0.0
611.6,0.0,0.0
611.8000000000001,0.0,0.0
612.0,0.0,0.0
612.2,0.0,0.0
612.4,0.0,0.0
612.6,0.0,0.0
612.8000000000001,0.0,0.0
613.0,0.0,0.0
613.2,0.0,0.0
613.4,0.0,0.0
613.6,0.0,0.0
613.8000000000001,0.0,0.0
614.0,0.0,0.0
614.2,0.0,0.0
614.4000000000001,0.0,0.0
614.6,0.0,0.0
614.8000000000001,0.0,0.0
615.0,0.0,0.0
615.2,0.0,0.0
615.4000000000001,0.0,0.0
615.6,0.0,0.0
615.8000000000001,0.0,0.0
616.0,0.0,0.0
616.2,0.0,0.0
616.4000000000001,0.0,0.0
616.6,0.0,0.0
616.8000000000001,0.0,0.0
617.0,0.0,0.0
617.2,0.0,0.0
617.4000000000001,0.0,0.0
617.6,0.0,0.0
617.8000000000001,0.0,0.26945141693513586
618.0,0.0,0.0
618.2,0.0,0.0
618.4000000000001,0.0,0.0
618.6,0.0,0.0
618.8000000000001,0.0,0.0
619.0,0.0,0.0
619.2,0.0,0.0
619.4000000000001,0.0,0.32220253808244054
619.6,0.0,0.20667710137074827
619.8000000000001,0.0,0.0
620.0,0.0,0.0
620.2,0.0,0.0
620.4000000000001,0.0,0.3632903971775342
620.6,0.0,0.0
620.8000000000001,0.0,0.0
621.0,0.0,0.0
621.2,0.0,0.0
621.4000000000001,0.0,0.0
621.6,0.0,0.0
621.8000000000001,0.0,0.0
622.0,0.0,0.0
622.2,0.0,0.0
622.4000000000001,0.0,0.0
622.6,0.0,0.0
622.8000000000001,0.0,0.0
623.0,0.0,0.0
623.2,0.0,0.0
623.4000000000001,0.0,0.0
623.6,0.0,0.0
623.8000000000001,0.0,0.0
624.0,0.0,0.0
624.2,0.0,0.0
624.4000000000001,0.0,0.0
624.6,0.0,0.0
624.8000000000001,0.0,0.0
625.0,0.0,0.0
625.2,0.0,0.0
625.4000000000001,0.0,0.0
625.6,0.0,0.0
625.8000000000001,0.0,0.0
626.0,0.0,0.0
626.2,0.0,0.0
626.4000000000001,0.0,0.0
626.6,0.0,0.0
626.8000000000001,0.0,0.0
627.0,0.0,0.0
627.2,0.0,0.0
627.4000000000001,0.0,0.0
627.6,0.0,0.0
627.8000000000001,0.0,0.0
628.0,0.0,0.0
628.2,0.0,0.0
628.4000000000001,0.0,0.0
628.6,0.0,0.0
628.8000000000001,0.0,0.0
629.0,0.0,0.0
629.2,0.0,0.0
629.4000000000001,0.0,0.0
629.6,0.0,0.0
629.8000000000001,0.0,0.0
630.0,0.0,0.0
630.2,0.0,0.0
630.4000000000001,0.0,0.0
630.6,0.0,0.0
630.8000000000001,0.0,0.0
631.0,0.0,0.0
631.2,0.0,0.0
631.4000000000001,0.0,0.0
631.6,0.0,0.0
631.8000000000001,0.0,0.0
632.0,0.0,0.0
632.2,0.0,0.0
632.4000000000001,0.0,0.0
632.6,0.0,0.0
632.8000000000001,0.0,0.0
633.0,0.0,0.0
633.2,0.0,0.0
633.4000000000001,0.0,0.0
633.6,0.0,0.0
633.8000000000001,0.0,0.0
634.0,0.0,0.0
634.2,0.0,0.0
634.4000000000001,0.0,0.0
634.6,0.0,0.0
634.8000000000001,0.0,0.0
635.0,0.0,0.0
635.2,0.0,0.0
635.4000000000001,0.0,0.0
635.6,0.0,0.0
635.8000000000001,0.0,0.0
636.0,0.0,0.0
636.2,0.0,0.0
636.4000000000001,0.0,0.0
636.6,0.0,0.0
636.8000000000001,0.0,0.0
637.0,0.0,0.0
637.2,0.0,0.0
637.4000000000001,0.0,0.0
637.6,0.0,0.0
637.8000000000001,0.0,0.0
638.0,0.0,0.0
638.2,0.0,0.0
638.4000000000001,0.0,0.0
638.6,0.0,0.0
638.8000000000001,0.0,0.0
639.0,0.0,0.0
639.2,0.0,0.0
639.4000000000001,0.0,0.0
639.6,0.0,0.0
639.8000000000001,0.0,0.0
640.0,0.0,0.0
640.2,0.0,0.0
640.4000000000001,0.0,0.0
640.6,0.0,0.0
640.8000000000001,0.0,0.0
641.0,0.0,0.0
641.2,0.0,0.0
641.4000000000001,0.0,0.0
641.6,0.0,0.0
641.8000000000001,0.0,0.0
642.0,0.0,0.0
642.2,0.0,0.0
642.4000000000001,0.0,0.0
642.6,0.0,0.0
642.8000000000001,0.0,0.0
643.0,0.0,0.0
643.2,0.0,0.0
643.4000000000001,0.0,0.0
643.6,0.0,0.0
643.8000000000001,0.0,0.0
644.0,0.0,0.0
644.2,0.0,0.0
644.4000000000001,0.0,0.0
644.6,0.0,0.0
644.8000000000001,0.0,0.0
645.0,0.0,0.0
645.2,0.0,0.0
645.4000000000001,0.0,0.0
645.6,0.0,0.0
645.8000000000001,0.0,0.0
646.0,0.0,0.0
646.2,0.0,0.0
646.4000000000001,0.0,0.0
646.6,0.0,0.0
646.8000000000001,0.0,0.0
647.0,0.0,0.0
647.2,0.0,0.0
647.4000000000001,0.0,0.0
647.6,0.0,0.0
647.8000000000001,0.0,0.0
648.0,0.0,0.0
648.2,0.0,0.0
648.4000000000001,0.0,0.0
648.6,0.0,0.0
648.8000000000001,0.0,0.0
649.0,0.0,0.0
649.2,0.0,0.0
649.4000000000001,0.0,0.0
649.6,0.0,0.0
649.8000000000001,0.0,0.0
650.0,0.0,0.0
650.2,0.0,0.0
650.4000000000001,0.0,0.0
650.6,0.0,0.0
650.8000000000001,0.0,0.0
651.0,0.0,0.0
651.2,0.0,0.0
651.4000000000001,0.0,0.0
651.6,0.0,0.0
651.8000000000001,0.0,0.0
652.0,0.0,0.0
652.2,0.0,0.0
652.4000000000001,0.0,0.0
652.6,0.0,0.0
652.8000000000001,0.0,0.0
653.0,0.0,0.0
653.2,0.0,0.0
653.4000000000001,0.0,0.0
653.6,0.0,0.0
653.8000000000001,0.0,0.0
654.0,0.0,0.0
654.2,0.0,0.0
654.4000000000001,0.0,0.0
654.6,0.0,0.0
654.8000000000001,0.0,0.0
655.0,0.0,0.0
655.2,0.0,0.0
655.4000000000001,0.0,0.0
655.6,0.0,0.0
655.8000000000001,0.0,0.0
656.0,0.0,0.0
656.2,0.0,0.0
656.4000000000001,0.0,0.0
656.6,0.0,0.0
656.8000000000001,0.0,0.0
657.0,0.0,0.0
657.2,0.0,0.0
657.4000000000001,0.0,0.0
657.6,0.0,0.0
657.8000000000001,0.0,0.0
658.0,0.0,0.0
658.2,0.0,0.0
658.4000000000001,0.0,0.0
658.6,0.0,0.0
658.8000000000001,0.0,0.0
659.0,0.0,0.0
659.2,0.0,0.2114587158835493
659.4000000000001,0.0,0.0
659.6,0.0,0.0
659.8000000000001,0.0,0.0
660.0,0.0,0.46948538890621583
660.2,0.0,0.3217519896573412
660.4000000000001,0.0,0.0
660.6,0.0,0.0
660.8000000000001,0.0,0.0
661.0,0.0,0.0
661.2,0.0,0.0
661.4000000000001,0.0,0.0
661.6,0.0,0.0
661.8000000000001,0.0,0.0
662.0,0.0,0.0
662.2,0.0,0.0
662.4000000000001,0.0,0.0
662.6,0.0,0.0
662.8000000000001,0.0,0.0
663.0,0.0,0.0
663.2,0.0,0.0
663.4000000000001,0.0,0.0
663.6,0.0,0.0
663.8000000000001,0.0,0.0
664.0,0.0,0.0
664.2,0.0,0.0
664.4000000000001,0.0,0.0
664.6,0.0,0.0
664.8000000000001,0.0,0.0
665.0,0.0,0.0
665.2,0.0,0.0
665.4000000000001,0.0,0.0
665.6,0.0,0.0
665.8000000000001,0.0,0.0
666.0,0.0,0.0
666.2,0.0,0.0
666.4000000000001,0.0,0.0
666.6,0.0,0.0
666.8000000000001,0.0,0.0
667.0,0.0,0.0
667.2,0.0,0.0
667.4000000000001,0.0,0.0
667.6,0.0,0.0
667.8000000000001,0.0,0.0
668.0,0.0,0.0
668.2,0.0,0.0
668.4000000000001,0.0,0.0
668.6,0.0,0.0
668.8000000000001,0.0,0.0
669.0,0.0,0.0
669.2,0.0,0.0
669.4000000000001,0.0,0.0
669.6,0.0,0.0
669.8000000000001,0.0,0.0
670.0,0.0,0.0
670.2,0.0,0.0
670.4000000000001,0.0,0.0
670.6,0.0,0.0
670.8000000000001,0.0,0.0
671.0,0.0,0.0
671.2,0.0,0.0
671.4000000000001,0.0,0.0
671.6,0.0,0.0
671.8000000000001,0.0,0.0
672.0,0.0,0.0
672.2,0.0,0.0
672.4000000000001,0.0,0.0
672.6,0.0,0.0
672.8000000000001,0.0,0.0
673.0,0.0,0.0
673.2,0.0,0.0
673.4000000000001,0.0,0.0
673.6,0.0,0.0
673.8000000000001,0.0,0.0
674.0,0.0,0.0
674.2,0.0,0.0
674.4000000000001,0.0,0.0
674.6,0.0,0.0
674.8000000000001,0.0,0.0
675.0,0.0,0.0
675.2,0.0,0.0
675.4000000000001,0.0,0.0
675.6,0.0,0.0
675.8000000000001,0.0,0.0
676.0,0.0,0.0
676.2,0.0,0.0
676.4000000000001,0.0,0.0
676.6,0.0,0.0
676.8000000000001,0.0,0.0
677.0,0.0,0.0
677.2,0.0,0.0
677.4000000000001,0.0,0.0
677.6,0.0,0.0
677.8000000000001,0.0,0.0
678.0,0.0,0.0
678.2,0.0,0.0
678.4000000000001,0.0,0.0
678.6,0.0,0.0
678.8000000000001,0.0,0.0
679.0,0.0,0.0
679.2,0.0,0.0
679.4000000000001,0.0,0.0
679.6,0.0,0.0
679.8000000000001,0.0,0.0
680.0,0.0,0.0
680.2,0.0,0.0
680.4000000000001,0.0,0.0
680.6,0.0,0.0
680.8000000000001,0.0,0.0
681.0,0.0,0.0
681.2,0.0,0.0
681.4000000000001,0.0,0.0
681.6,0.0,0.0
681.8000000000001,0.0,0.0
682.0,0.0,0.0
682.2,0.0,0.0
682.4000000000001,0.0,0.0
682.6,0.0,0.0
682.8000000000001,0.0,0.0
683.0,0.0,0.0
683.2,0.0,0.0
683.4000000000001,0.0,0.0
683.6,0.0,0.0
683.8000000000001,0.0,0.0
684.0,0.0,0.0
684.2,0.0,0.0
684.4000000000001,0.0,0.0
684.6,0.0,0.0
684.8000000000001,0.0,0.0
685.0,0.0,0.0
685.2,0.0,0.0
685.4000000000001,0.0,0.0
685.6,0.0,0.0
685.8000000000001,0.0,0.0
686.0,0.0,0.0
686.2,0.0,0.0
686.4000000000001,0.0,0.0
686.6,0.0,0.0
686.8000000000001,0.0,0.0
687.0,0.0,0.0
687.2,0.0,0.0
687.4000000000001,0.0,0.0
687.6,0.0,0.0
687.8000000000001,0.0,0.0
688.0,0.0,0.0
688.2,0.0,0.0
688.4000000000001,0.0,0.0
688.6,0.0,0.0
688.8000000000001,0.0,0.0
689.0,0.0,0.0
689.2,0.0,0.0
689.4000000000001,0.0,0.0
689.6,0.0,0.0
689.8000000000001,0.0,0.0
690.0,0.0,0.0
690.2,0.0,0.0
690.4000000000001,0.0,0.0
690.6,0.0,0.0
690.8000000000001,0.0,0.0
691.0,0.0,0.0
691.2,0.0,0.0
691.4000000000001,0.0,0.0
691.6,0.0,0.0
691.8000000000001,0.0,0.0
692.0,0.0,0.0
692.2,0.0,0.0
692.4000000000001,0.0,0.0
692.6,0.0,0.0
692.8000000000001,0.0,0.0
693.0,0.0,0.0
693.2,0.0,0.0
693.4000000000001,0.0,0.0
693.6,0.0,0.0
693.8000000000001,0.0,0.0
694.0,0.0,0.0
694.2,0.0,0.0
694.4000000000001,0.0,0.0
694.6,0.0,0.0
694.8000000000001,0.0,0.0
695.0,0.0,0.0
695.2,0.0,0.0
695.4000000000001,0.0,0.0
695.6,0.0,0.0
695.8000000000001,0.0,0.0
696.0,0.0,0.0
696.2,0.0,0.0
696.4000000000001,0.0,0.0
696.6,0.0,0.0
696.8000000000001,0.0,0.0
697.0,0.0,0.0
697.2,0.0,0.0
697.4000000000001,0.0,0.0
697.6,0.0,0.0
697.8000000000001,0.0,0.0
698.0,0.0,0.0
698.2,0.0,0.0
698.4000000000001,0.0,0.0
698.6,0.0,0.0
698.8000000000001,0.0,0.0
699.0,0.0,0.0
699.2,0.0,0.0
699.4000000000001,0.0,0.0
699.6,0.0,0.0
699.8000000000001,0.0,0.0
700.0,0.14027229558527787,0.0
700.2,0.0,0.0
700.4000000000001,0.0,0.0
700.6,0.0,0.0
700.8000000000001,0.0,0.0
701.0,0.0,0.0
701.2,0.0,0.0
701.4000000000001,0.0,0.0
701.6,0.0,0.0
701.8000000000001,0.0,0.0
702.0,0.0,0.0
702.2,0.0,0.0
702.4000000000001,0.0,0.0
702.6,0.0,0.0
702.8000000000001,0.0,0.0
703.0,0.0,0.0
703.2,0.0,0.0
703.4000000000001,0.0,0.0
703.6,0.0,0.0
703.8000000000001,0.0,0.0
704.0,0.0,0.0
704.2,0.0,0.0
704.4000000000001,0.0,0.0
704.6,0.0,0.0
704.8000000000001,0.0,0.0
705.0,0.0,0.0
705.2,0.0,0.0
705.4000000000001,0.0,0.0
705.6,0.0,0.0
705.8000000000001,0.0,0.0
706.0,0.0,0.0
706.2,0.0,0.0
706.4000000000001,0.0,0.0
706.6,0.0,0.0
706.8000000000001,0.0,0.0
707.0,0.0,0.0
707.2,0.0,0.0
707.4000000000001,0.0,0.0
707.6,0.0,0.0
707.8000000000001,0.0,0.0
708.0,0.0,0.0
708.2,0.0,0.0
708.4000000000001,0.0,0.0
708.6,0.0,0.0
708.8000000000001,0.0,0.0
709.0,0.0,0.0
709.2,0.0,0.0
709.4000000000001,0.0,0.0
709.6,0.0,0.0
709.8000000000001,0.0,0.0
710.0,0.0,0.0
710.2,0.0,0.0
710.4000000000001,0.0,0.0
710.6,0.0,0.0
710.8000000000001,0.0,0.0
711.0,0.0,0.0
711.2,0.0,0.0
711.4000000000001,0.0,0.0
711.6,0.0,0.0
711.8000000000001,0.0,0.0
712.0,0.0,0.0
712.2,0.0,0.0
712.4000000000001,0.0,0.0
712.6,0.0,0.0
712.8000000000001,0.0,0.0
713.0,0.0,0.0
713.2,0.0,0.0
713.4000000000001,0.0,0.0
713.6,0.0,0.0
713.8000000000001,0.0,0.0
714.0,0.0,0.0
714.2,0.0,0.0
714.4000000000001,0.0,0.0
714.6,0.0,0.0
714.8000000000001,0.0,0.0
715.0,0.0,0.0
715.2,0.0,0.0
715.4000000000001,0.0,0.0
715.6,0.0,0.0
715.8000000000001,0.0,0.0
716.0,0.0,0.0
716.2,0.0,0.0
716.4000000000001,0.0,0.0
716.6,0.0,0.0
716.8000000000001,0.0,0.0
717.0,0.0,0.0
717.2,0.0,0.0
717.4000000000001,0.0,0.0
717.6,0.0,0.0
717.8000000000001,0.0,0.0
718.0,0.0,0.0
718.2,0.0,0.0
718.4000000000001,0.0,0.0
718.6,0.0,0.0
718.8000000000001,0.0,0.0
719.0,0.0,0.0
719.2,0.0,0.0
719.4000000000001,0.0,0.0
719.6,0.0,0.0
719.8000000000001,0.0,0.0
720.0,0.0,0.0
720.2,0.0,0.0
720.4000000000001,0.0,0.0
720.6,0.0,0.0
720.8000000000001,0.0,0.0
721.0,0.0,0.0
721.2,0.0,0.0
721.4000000000001,0.0,0.0
721.6,0.0,0.0
721.8000000000001,0.0,0.0
722.0,0.0,0.0
722.2,0.0,0.0
722.4000000000001,0.0,0.0
722.6,0.0,0.0
722.8000000000001,0.0,0.0
723.0,0.0,0.0
723.2,0.0,0.0
723.4000000000001,0.0,0.0
723.6,0.0,0.0
723.8000000000001,0.0,0.0
724.0,0.0,0.0
724.2,0.0,0.0
724.4000000000001,0.0,0.0
724.6,0.0,0.0
724.8000000000001,0.0,0.0
725.0,0.0,0.0
725.2,0.0,0.0
725.4000000000001,0.0,0.0
725.6,0.0,0.0
725.8000000000001,0.0,0.0
726.0,0.0,0.0
726.2,0.0,0.0
726.4000000000001,0.0,0.0
726.6,0.0,0.0
726.8000000000001,0.0,0.0
727.0,0.0,0.0
727.2,0.0,0.0
727.4000000000001,0.0,0.0
727.6,0.0,0.0
727.8000000000001,0.0,0.0
728.0,0.0,0.0
728.2,0.0,0.0
728.4000000000001,0.0,0.0
728.6,0.0,0.0
728.8000000000001,0.0,0.0
729.0,0.0,0.0
729.2,0.0,0.0
729.4000000000001,0.0,0.0
729.6,0.0,0.0
729.8000000000001,0.0,0.0
730.0,0.0,0.0
730.2,0.0,0.0
730.4000000000001,0.0,0.0
730.6,0.0,0.0
730.8000000000001,0.0,0.0
731.0,0.0,0.0
731.2,0.0,0.0
731.4000000000001,0.0,0.0
731.6,0.0,0.0
731.8000000000001,0.0,0.0
732.0,0.0,0.0
732.2,0.0,0.0
732.4000000000001,0.0,0.0
732.6,0.0,0.0
732.8000000000001,0.0,0.0
733.0,0.0,0.0
733.2,0.0,0.0
733.4000000000001,0.0,0.0
733.6,0.0,0.0
733.8000000000001,0.0,0.0
734.0,0.0,0.0
734.2,0.0,0.0
734.4000000000001,0.0,0.0
734.6,0.0,0.0
734.8000000000001,0.0,0.0
735.0,0.0,0.0
735.2,0.0,0.0
735.4000000000001,0.0,0.0
735.6,0.0,0.0
735.8000000000001,0.0,0.0
736.0,0.0,0.0
736.2,0.0,0.0
736.4000000000001,0.0,0.0
736.6,0.0,0.0
736.8000000000001,0.0,0.0
737.0,0.0,0.0
737.2,0.0,0.0
737.4000000000001,0.0,0.0
737.6,0.0,0.0
737.8000000000001,0.0,0.0
738.0,0.0,0.0
738.2,0.0,0.0
738.4000000000001,0.0,0.0
738.6,0.0,0.0
738.8000000000001,0.0,0.0
739.0,0.0,0.0
739.2,0.0,0.0
739.4000000000001,0.0,0.0
739.6,0.0,0.0
739.8000000000001,0.0,0.0
740.0,0.0,0.0
740.2,0.0,0.0
740.4000000000001,0.0,0.0
740.6,0.0,0.0
740.8000000000001,0.0,0.0
741.0,0.0,0.0
741.2,0.0,0.0
741.4000000000001,0.0,0.0
741.6,0.0,0.0
741.8000000000001,0.0,0.0
742.0,0.0,0.0
742.2,0.0,0.0
742.4000000000001,0.0,0.0
742.6,0.0,0.0
742.8000000000001,0.0,0.0
743.0,0.0,0.0
743.2,0.0,0.0
743.4000000000001,0.0,0.0
743.6,0.0,0.0
743.8000000000001,0.0,0.0
744.0,0.0,0.0
744.2,0.0,0.0
744.4000000000001,0.0,0.0
744.6,0.0,0.0
744.8000000000001,0.0,0.0
745.0,0.0,0.0
745.2,0.0,0.0
745.4000000000001,0.0,0.0
745.6,0.0,0.0
745.8000000000001,0.0,0.0
746.0,0.0,0.0
746.2,0.0,0.0
746.4000000000001,0.0,0.0
746.6,0.0,0.0
746.8000000000001,0.0,0.0
747.0,0.0,0.0
747.2,0.0,0.0
747.4000000000001,0.0,0.0
747.6,0.0,0.0
747.8000000000001,0.0,0.0
748.0,0.0,0.0
748.2,0.0,0.0
748.4000000000001,0.0,0.0
748.6,0.0,0.0
748.8000000000001,0.0,0.0
749.0,0.0,0.0
749.2,0.0,0.0
749.4000000000001,0.0,0.0
749.6,0.0,0.0
749.8000000000001,0.0,0.0
750.0,0.0,0.0
750.2,0.0,0.0
750.4000000000001,0.0,0.0
750.6,0.0,0.0
750.8000000000001,0.0,0.0
751.0,0.0,0.0
751.2,0.0,0.0
751.4000000000001,0.0,0.0
751.6,0.0,0.0
751.8000000000001,0.0,0.0
752.0,0.0,0.0
752.2,0.0,0.0
752.4000000000001,0.0,0.0
752.6,0.0,0.0
752.8000000000001,0.0,0.0
753.0,0.0,0.0
753.2,0.0,0.0
753.4000000000001,0.0,0.0
753.6,0.0,0.0
753.8000000000001,0.0,0.0
754.0,0.0,0.0
754.2,0.0,0.0
754.4000000000001,0.0,0.0
754.6,0.0,0.0
754.8000000000001,0.0,0.0
755.0,0.0,0.0
755.2,0.0,0.0
755.4000000000001,0.0,0.0
755.6,0.0,0.0
755.8000000000001,0.0,0.0
756.0,0.0,0.0
756.2,0.0,0.0
756.4000000000001,0.0,0.0
756.6,0.0,0.0
756.8000000000001,0.0,0.0
757.0,0.0,0.0
757.2,0.0,0.0
757.4000000000001,0.0,0.0
757.6,0.0,0.0
757.8000000000001,0.0,0.0
758.0,0.0,0.0
758.2,0.0,0.0
758.4000000000001,0.0,0.0
758.6,0.0,0.0
758.8000000000001,0.0,0.0
759.0,0.0,0.0
759.2,0.0,0.0
759.4000000000001,0.0,0.0
759.6,0.0,0.0
759.8000000000001,0.0,0.0
760.0,0.0,0.0
760.2,0.0,0.0
760.4000000000001,0.0,0.0
760.6,0.0,0.0
760.8000000000001,0.0,0.0
761.0,0.0,0.0
761.2,0.0,0.0
761.4000000000001,0.0,0.0
761.6,0.0,0.0
761.8000000000001,0.0,0.0
762.0,0.0,0.0
762.2,0.0,0.0
762.4000000000001,0.0,0.0
762.6,0.0,0.0
762.8000000000001,0.0,0.0
763.0,0.0,0.0
763.2,0.0,0.0
763.4000000000001,0.0,0.0
763.6,0.0,0.0
763.8000000000001,0.0,0.0
764.0,0.0,0.0
764.2,0.0,0.0
764.4000000000001,0.0,0.0
764.6,0.0,0.0
764.8000000000001,0.0,0.0
765.0,0.0,0.0
765.2,0.0,0.0
765.4000000000001,0.0,0.0
765.6,0.0,0.0
765.8000000000001,0.0,0.0
766.0,0.0,0.0
766.2,0.0,0.0
766.4000000000001,0.0,0.0
766.6,0.0,0.0
766.8000000000001,0.0,0.0
767.0,0.0,0.0
767.2,0.0,0.0
767.4000000000001,0.0,0.0
767.6,0.0,0.0
767.8000000000001,0.0,0.0
768.0,0.0,0.0
768.2,0.0,0.0
768.4000000000001,0.0,0.0
768.6,0.0,0.0
768.8000000000001,0.0,0.0
769.0,0.0,0.0
769.2,0.0,0.0
769.4000000000001,0.0,0.0
769.6,0.0,0.0
769.8000000000001,0.0,0.0
770.0,0.0,0.0
770.2,0.0,0.0
770.4000000000001,0.0,0.0
770.6,0.0,0.0
770.8000000000001,0.0,0.0
771.0,0.0,0.0
771.2,0.0,0.0
771.4000000000001,0.0,0.0
771.6,0.0,0.0
771.8000000000001,0.0,0.0
772.0,0.0,0.0
772.2,0.0,0.0
772.4000000000001,0.0,0.0
772.6,0.0,0.0
772.8000000000001,0.0,0.0
773.0,0.0,0.0
773.2,0.0,0.0
773.4000000000001,0.0,0.0
773.6,0.0,0.0
773.8000000000001,0.0,0.0
774.0,0.0,0.0
774.2,0.0,0.0
774.4000000000001,0.0,0.0
774.6,0.0,0.0
774.8000000000001,0.0,0.0
775.0,0.0,0.0
775.2,0.0,0.0
775.4000000000001,0.0,0.0
775.6,0.0,0.0
775.8000000000001,0.0,0.0
776.0,0.0,0.0
776.2,0.0,0.0
776.4000000000001,0.0,0.0
776.6,0.0,0.0
776.8000000000001,0.0,0.0
777.0,0.0,0.0
777.2,0.0,0.0
777.4000000000001,0.0,0.0
777.6,0.0,0.0
777.8000000000001,0.0,0.0
778.0,0.0,0.0
778.2,0.0,0.0
778.4000000000001,0.0,0.0
778.6,0.0,0.0
778.8000000000001,0.0,0.0
779.0,0.0,0.0
779.2,0.0,0.0
779.4000000000001,0.0,0.0
779.6,0.0,0.0
779.8000000000001,0.0,0.0
780.0,0.0,0.0
780.2,0.0,0.0
780.4000000000001,0.0,0.30432607377882104
780.6,0.0,0.0
780.8000000000001,0.0,0.0
781.0,0.0,0.0
781.2,0.0,0.0
781.4000000000001,0.0,0.0
781.6,0.0,0.0
781.8000000000001,0.0,0.0
782.0,0.0,0.0
782.2,0.0,0.0
782.4000000000001,0.0,0.0
782.6,0.0,0.0
782.8000000000001,0.0,0.0
783.0,0.0,0.0
783.2,0.0,0.0
783.4000000000001,0.0,0.0
783.6,0.0,0.0
783.8000000000001,0.0,0.0
784.0,0.0,0.0
784.2,0.0,0.0
784.4000000000001,0.0,0.0
784.6,0.0,0.0
784.8000000000001,0.0,0.0
785.0,0.0,0.0
785.2,0.0,0.0
785.4000000000001,0.0,0.0
785.6,0.0,0.0
785.8000000000001,0.0,0.0
786.0,0.0,0.0
786.2,0.0,0.0
786.4000000000001,0.0,0.0
786.6,0.0,0.0
786.8000000000001,0.0,0.0
787.0,0.0,0.0
787.2,0.0,0.0
787.4000000000001,0.0,0.0
787.6,0.0,0.0
787.8000000000001,0.0,0.0
788.0,0.0,0.0
788.2,0.0,0.0
788.4000000000001,0.0,0.0
788.6,0.0,0.0
788.8000000000001,0.0,0.0
789.0,0.0,0.0
789.2,0.0,0.0
789.4000000000001,0.0,0.0
789.6,0.0,0.0
789.8000000000001,0.0,0.0
790.0,0.0,0.0
790.2,0.0,0.0
790.4000000000001,0.0,0.0
790.6,0.0,0.0
790.8000000000001,0.0,0.0
791.0,0.0,0.0
791.2,0.0,0.0
791.4000000000001,0.0,0.0
791.6,0.0,0.0
791.8000000000001,0.0,0.0
792.0,0.0,0.0
792.2,0.0,0.0
792.4000000000001,0.0,0.0
792.6,0.0,0.0
792.8000000000001,0.0,0.0
793.0,0.0,0.0
793.2,0.0,0.0
793.4000000000001,0.0,0.0
793.6,0.0,0.0
793.8000000000001,0.0,0.0
794.0,0.0,0.0
794.2,0.0,0.0
794.4000000000001,0.0,0.0
794.6,0.0,0.0
794.8000000000001,0.0,0.0
795.0,0.0,0.0
795.2,0.0,0.0
795.4000000000001,0.0,0.0
795.6,0.0,0.0
795.8000000000001,0.0,0.0
796.0,0.0,0.0
796.2,0.0,0.0
796.4000000000001,0.0,0.0
796.6,0.0,0.0
796.8000000000001,0.0,0.0
797.0,0.0,0.0
797.2,0.0,0.0
797.4000000000001,0.0,0.0
797.6,0.0,0.0
797.8000000000001,0.0,0.0
798.0,0.0,0.0
798.2,0.0,0.0
798.4000000000001,0.0,0.0
798.6,0.0,0.0
798.8000000000001,0.0,0.0
799.0,0.0,0.0
799.2,0.0,0.0
799.4000000000001,0.0,0.0
799.6,0.0,0.0
799.8000000000001,0.0,0.0
800.0,3.2342298022734783,0.0
800.2,0.0,0.0
800.4000000000001,0.0,0.0
800.6,0.0,0.0
800.8000000000001,0.0,0.0
801.0,0.0,0.0
801.2,0.0,0.0
801.4000000000001,0.0,0.0
801.6,0.0,0.0
801.8000000000001,0.0,0.0
802.0,0.0,0.0
802.2,0.0,0.0
802.4000000000001,0.0,0.0
802.6,0.0,0.0
802.8000000000001,0.0,0.0
803.0,0.0,0.0
803.2,0.0,0.0
803.4000000000001,0.0,0.0
803.6,0.0,0.0
803.8000000000001,0.0,0.0
804.0,0.0,0.0
804.2,0.0,0.0
804.4000000000001,0.0,0.0
804.6,0.0,0.0
804.8000000000001,0.0,0.0
805.0,0.0,0.0
805.2,0.0,0.0
805.4000000000001,0.0,0.0
805.6,0.0,0.0
805.8000000000001,0.0,0.0
806.0,0.0,0.0
806.2,0.0,0.0
806.4000000000001,0.0,0.0
806.6,0.0,0.0
806.8000000000001,0.0,0.0
807.0,0.0,0.0
807.2,0.0,0.0
807.4000000000001,0.0,0.0
807.6,0.0,0.0
807.8000000000001,0.0,0.0
808.0,0.0,0.0
808.2,0.0,0.0
808.4000000000001,0.0,0.0
808.6,0.0,0.0
808.8000000000001,0.0,0.0
809.0,0.0,0.0
809.2,0.0,0.0
809.4000000000001,0.0,0.0
809.6,0.0,0.0
809.8000000000001,0.0,0.0
810.0,0.0,0.0
810.2,0.0,0.0
810.4000000000001,0.0,0.0
810.6,0.0,0.0
810.8000000000001,0.0,0.0
811.0,0.0,0.0
811.2,0.0,0.0
811.4000000000001,0.0,0.0
811.6,0.0,0.0
811.8000000000001,0.0,0.0
812.0,0.0,0.0
812.2,0.0,0.0
812.4000000000001,0.0,0.0
812.6,0.0,0.0
812.8000000000001,0.0,0.0
813.0,0.0,0.0
813.2,0.0,0.0
813.4000000000001,0.0,0.0
813.6,0.0,0.0
813.8000000000001,0.0,0.0
814.0,0.0,0.0
814.2,0.0,0.0
814.4000000000001,0.0,0.0
814.6,0.0,0.0
814.8000000000001,0.0,0.0
815.0,0.0,0.0
815.2,0.0,0.0
815.4000000000001,0.0,0.0
815.6,0.0,0.0
815.8000000000001,0.0,0.0
816.0,0.0,0.0
816.2,0.0,0.0
816.4000000000001,0.0,0.0
816.6,0.0,0.0
816.8000000000001,0.0,0.0
817.0,0.0,0.0
817.2,0.0,0.0
817.4000000000001,0.0,0.0
817.6,0.0,0.0
817.8000000000001,0.0,0.0
818.0,0.0,0.0
818.2,0.0,0.0
818.4000000000001,0.0,0.0
818.6,0.0,0.0
818.8000000000001,0.0,0.0
819.0,0.0,0.0
819.2,0.0,0.0
819.4000000000001,0.0,0.0
819.6,0.0,0.0
819.8000000000001,0.0,0.0
820.0,0.0,0.0
820.2,0.0,0.0
820.4000000000001,0.0,0.0
820.6,0.0,0.0
820.8000000000001,0.0,0.0
821.0,0.0,0.0
821.2,0.0,0.0
821.4000000000001,0.0,0.0
821.6,0.0,0.0
821.8000000000001,0.0,0.0
822.0,0.0,0.0
822.2,0.0,0.0
822.4000000000001,0.0,0.0
822.6,0.0,0.0
822.8000000000001,0.0,0.0
823.0,0.0,0.0
823.2,0.0,0.0
823.4000000000001,0.0,0.0
823.6,0.0,0.0
823.8000000000001,0.0,0.0
824.0,0.0,0.0
824.2,0.0,0.0
824.4000000000001,0.0,0.0
824.6,0.0,0.0
824.8000000000001,0.0,0.0
825.0,0.0,0.0
825.2,0.0,0.0
825.4000000000001,0.0,0.0
825.6,0.0,0.0
825.8000000000001,0.0,0.0
826.0,0.0,0.0
826.2,0.0,0.0
826.4000000000001,0.0,0.0
826.6,0.0,0.0
826.8000000000001,0.0,0.0
827.0,0.0,0.0
827.2,0.0,0.0
827.4000000000001,0.0,0.0
827.6,0.0,0.0
827.8000000000001,0.0,0.0
828.0,0.0,0.0
828.2,0.0,0.0
828.4000000000001,0.0,0.0
828.6,0.0,0.0
828.8000000000001,0.0,0.0
829.0,0.0,0.0
829.2,0.0,0.0
829.4000000000001,0.0,0.0
829.6,0.0,0.0
829.8000000000001,0.0,0.0
830.0,0.0,0.0
830.2,0.0,0.0
830.4000000000001,0.0,0.0
830.6,0.0,0.0
830.8000000000001,0.0,0.0
831.0,0.0,0.0
831.2,0.0,0.0
831.4000000000001,0.0,0.0
831.6,0.0,0.0
831.8000000000001,0.0,0.0
832.0,0.0,0.0
832.2,0.0,0.0
832.4000000000001,0.0,0.0
832.6,0.0,0.0
832.8000000000001,0.0,0.0
833.0,0.0,0.0
833.2,0.0,0.0
833.4000000000001,0.0,0.0
833.6,0.0,0.0
833.8000000000001,0.0,0.0
834.0,0.0,0.0
834.2,0.0,0.0
834.4000000000001,0.0,0.0
834.6,0.0,0.0
834.8000000000001,0.0,0.0
835.0,0.0,0.0
835.2,0.0,0.0
835.4000000000001,0.0,0.0
835.6,0.0,0.0
835.8000000000001,0.0,0.0
836.0,0.0,0.0
836.2,0.0,0.0
836.4000000000001,0.0,0.0
836.6,0.0,0.0
836.8000000000001,0.0,0.0
837.0,0.0,0.0
837.2,0.0,0.0
837.4000000000001,0.0,0.0
837.6,0.0,0.0
837.8000000000001,0.0,0.0
838.0,0.0,0.0
838.2,0.0,0.0
838.4000000000001,0.0,0.0
838.6,0.0,0.0
838.8000000000001,0.0,0.0
839.0,0.0,0.0
839.2,0.0,0.0
839.4000000000001,0.0,0.0
839.6,0.0,0.0
839.8000000000001,0.0,0.0
840.0,0.0,0.0
840.2,0.0,0.0
840.4000000000001,0.0,0.0
840.6,0.0,0.0
840.8000000000001,0.0,0.0
841.0,0.0,0.0
841.2,0.0,0.0
841.4000000000001,0.0,0.0
841.6,0.0,0.0
841.8000000000001,0.0,0.0
842.0,0.0,0.0
842.2,0.0,0.0
842.4000000000001,0.0,0.0
842.6,0.0,0.0
842.8000000000001,0.0,0.0
843.0,0.0,0.0
843.2,0.0,0.0
843.4000000000001,0.0,0.0
843.6,0.0,0.0
843.8000000000001,0.0,0.0
844.0,0.0,0.0
844.2,0.0,0.0
844.4000000000001,0.0,0.0
844.6,0.0,0.0
844.8000000000001,0.0,0.0
845.0,0.0,0.0
845.2,0.0,0.0
845.4000000000001,0.0,0.0
845.6,0.0,0.0
845.8000000000001,0.0,0.0
846.0,0.0,0.0
846.2,0.0,0.0
846.4000000000001,0.0,0.0
846.6,0.0,0.0
846.8000000000001,0.0,0.0
847.0,0.0,0.0
847.2,0.0,0.0
847.4000000000001,0.0,0.0
847.6,0.0,0.0
847.8000000000001,0.0,0.0
848.0,0.0,0.0
848.2,0.0,0.0
848.4000000000001,0.0,0.0
848.6,0.0,0.0
848.8000000000001,0.0,0.0
849.0,0.0,0.0
849.2,0.0,0.0
849.4000000000001,0.0,0.0
849.6,0.0,0.0
849.8000000000001,0.0,0.0
850.0,0.0,0.0
850.2,0.0,0.0
850.4000000000001,0.0,0.0
850.6,0.0,0.0
850.8000000000001,0.0,0.0
851.0,0.0,0.0
851.2,0.0,0.0
851.4000000000001,0.0,0.0
851.6,0.0,0.0
851.8000000000001,0.0,0.0
852.0,0.0,0.0
852.2,0.0,0.0
852.4000000000001,0.0,0.0
852.6,0.0,0.0
852.8000000000001,0.0,0.0
853.0,0.0,0.0
853.2,0.0,0.0
853.4000000000001,0.0,0.0
853.6,0.0,0.0
853.8000000000001,0.0,0.0
854.0,0.0,0.0
854.2,0.0,0.0
854.4000000000001,0.0,0.0
854.6,0.0,0.0
854.8000000000001,0.0,0.0
855.0,0.0,0.0
855.2,0.0,0.0
855.4000000000001,0.0,0.0
855.6,0.0,0.0
855.8000000000001,0.0,0.0
856.0,0.0,0.0
856.2,0.0,0.0
856.4000000000001,0.0,0.0
856.6,0.0,0.0
856.8000000000001,0.0,0.0
857.0,0.0,0.0
857.2,0.0,0.0
857.4000000000001,0.0,0.0
857.6,0.0,0.0
857.8000000000001,0.0,0.0
858.0,0.0,0.0
858.2,0.0,0.0
858.4000000000001,0.0,0.0
858.6,0.0,0.0
858.8000000000001,0.0,0.0
859.0,0.0,0.0
859.2,0.0,0.0
859.4000000000001,0.0,0.0
859.6,0.0,0.0
859.8000000000001,0.0,0.0
860.0,0.0,0.0
860.2,0.0,0.0
860.4000000000001,0.0,0.0
860.6,0.0,0.0
860.8000000000001,0.0,0.0
861.0,0.0,0.0
861.2,0.0,0.0
861.4000000000001,0.0,0.0
861.6,0.0,0.0
861.8000000000001,0.0,0.0
862.0,0.0,0.0
862.2,0.0,0.0
862.4000000000001,0.0,0.0
862.6,0.0,0.0
862.8000000000001,0.0,0.0
863.0,0.0,0.0
863.2,0.0,0.0
863.4000000000001,0.0,0.0
863.6,0.0,0.0
863.8000000000001,0.0,0.0
864.0,0.0,0.0
864.2,0.0,0.0
864.4000000000001,0.0,0.0
864.6,0.0,0.0
864.8000000000001,0.0,0.0
865.0,0.0,0.0
865.2,0.0,0.0
865.4000000000001,0.0,0.0
865.6,0.0,0.0
865.8000000000001,0.0,0.0
866.0,0.0,0.0
866.2,0.0,0.0
866.4000000000001,0.0,0.0
866.6,0.0,0.0
866.8000000000001,0.0,0.0
867.0,0.0,0.0
867.2,0.0,0.0
867.4000000000001,0.0,0.0
867.6,0.0,0.0
867.8000000000001,0.0,0.0
868.0,0.0,0.0
868.2,0.0,0.0
868.4000000000001,0.0,0.0
868.6,0.0,0.0
868.8000000000001,0.0,0.0
869.0,0.0,0.0
869.2,0.0,0.0
869.4000000000001,0.0,0.0
869.6,0.0,0.0
869.8000000000001,0.0,0.0
870.0,0.0,0.0
870.2,0.0,0.0
870.4000000000001,0.0,0.0
870.6,0.0,0.0
870.8000000000001,0.0,0.0
871.0,0.0,0.0
871.2,0.0,0.0
871.4000000000001,0.0,0.0
871.6,0.0,0.0
871.8000000000001,0.0,0.0
872.0,0.0,0.0
872.2,0.0,0.0
872.4000000000001,0.0,0.0
872.6,0.0,0.0
872.8000000000001,0.0,0.0
873.0,0.0,0.0
873.2,0.0,0.0
873.4000000000001,0.0,0.0
873.6,0.0,0.0
873.8000000000001,0.0,0.0
874.0,0.0,0.0
874.2,0.0,0.0
874.4000000000001,0.0,0.0
874.6,0.0,0.0
874.8000000000001,0.0,0.0
875.0,0.0,0.0
875.2,0.0,0.0
875.4000000000001,0.0,0.0
875.6,0.0,0.0
875.8000000000001,0.0,0.0
876.0,0.0,0.0
876.2,0.0,0.0
876.4000000000001,0.0,0.0
876.6,0.0,0.0
876.8000000000001,0.0,0.0
877.0,0.0,0.0
877.2,0.0,0.0
877.4000000000001,0.0,0.0
877.6,0.0,0.0
877.8000000000001,0.0,0.0
878.0,0.0,0.0
878.2,0.0,0.0
878.4000000000001,0.0,0.0
878.6,0.0,0.0
878.8000000000001,0.0,0.0
879.0,0.0,0.0
879.2,0.0,0.0
879.4000000000001,0.0,0.0
879.6,0.0,0.0
879.8000000000001,0.0,0.0
880.0,0.0,0.0
880.2,0.0,0.0
880.4000000000001,0.0,0.0
880.6,0.0,0.0
880.8000000000001,0.0,0.0
881.0,0.0,0.0
881.2,0.0,0.0
881.4000000000001,0.0,0.0
881.6,0.0,0.0
881.8000000000001,0.0,0.0
882.0,0.0,0.0
882.2,0.0,0.0
882.4000000000001,0.0,0.0
882.6,0.0,0.0
882.8000000000001,0.0,0.0
883.0,0.0,0.0
883.2,0.0,0.0
883.4000000000001,0.0,0.0
883.6,0.0,0.0
883.8000000000001,0.0,0.0
884.0,0.0,0.0
884.2,0.0,0.0
884.4000000000001,0.0,0.0
884.6,0.0,0.0
884.8000000000001,0.0,0.0
885.0,0.0,0.0
885.2,0.0,0.0
885.4000000000001,0.0,0.0
885.6,0.0,0.0
885.8000000000001,0.0,0.0
886.0,0.0,0.0
886.2,0.0,0.0
886.4000000000001,0.0,0.0
886.6,0.0,0.0
886.8000000000001,0.0,0.0
887.0,0.0,0.0
887.2,0.0,0.0
887.4000000000001,0.0,0.0
887.6,0.0,0.0
887.8000000000001,0.0,0.0
888.0,0.0,0.0
888.2,0.0,0.0
888.4000000000001,0.0,0.0
888.6,0.0,0.0
888.8000000000001,0.0,0.0
889.0,0.0,0.0
889.2,0.0,0.0
889.4000000000001,0.0,0.0
889.6,0.0,0.0
889.8000000000001,0.0,0.0
890.0,0.0,0.0
890.2,0.0,0.0
890.4000000000001,0.0,0.0
890.6,0.0,0.0
890.8000000000001,0.0,0.0
891.0,0.0,0.0
891.2,0.0,0.0
891.4000000000001,0.0,0.0
891.6,0.0,0.0
891.8000000000001,0.0,0.0
892.0,0.0,0.0
892.2,0.0,0.0
892.4000000000001,0.0,0.0
892.6,0.0,0.0
892.8000000000001,0.0,0.0
893.0,0.0,0.0
893.2,0.0,0.0
893.4000000000001,0.0,0.0
893.6,0.0,0.0
893.8000000000001,0.0,0.0
894.0,0.0,0.0
894.2,0.0,0.0
894.4000000000001,0.0,0.0
894.6,0.0,0.0
894.8000000000001,0.0,0.0
895.0,0.0,0.0
895.2,0.0,0.0
895.4000000000001,0.0,0.0
895.6,0.0,0.0
895.8000000000001,0.0,0.0
896.0,0.0,0.0
896.2,0.0,0.0
896.4000000000001,0.0,0.0
896.6,0.0,0.0
896.8000000000001,0.0,0.0
897.0,0.0,0.0
897.2,0.0,0.0
897.4000000000001,0.0,0.0
897.6,0.0,0.0
897.8000000000001,0.0,0.0
898.0,0.0,0.0
898.2,0.0,0.0
898.4000000000001,0.0,0.0
898.6,0.0,0.0
898.8000000000001,0.0,0.0
899.0,0.0,0.0
899.2,0.0,0.0
899.4000000000001,0.0,0.0
899.6,0.0,0.0
899.8000000000001,0.0,0.0
900.0,0.10758000310050363,0.0
900.2,0.0,0.0
900.4000000000001,0.0,0.0
900.6,0.0,0.0
900.8000000000001,0.0,0.0
901.0,0.0,0.0
901.2,0.0,0.0
901.4000000000001,0.0,0.0
901.6,0.0,0.0
901.8000000000001,0.0,0.0
902.0,0.0,0.0
902.2,0.0,0.0
902.4000000000001,0.0,0.0
902.6,0.0,0.0
902.8000000000001,0.0,0.0
903.0,0.0,0.0
903.2,0.0,0.0
903.4000000000001,0.0,0.0
903.6,0.0,0.0
903.8000000000001,0.0,0.0
904.0,0.0,0.0
904.2,0.0,0.0
904.4000000000001,0.0,0.0
904.6,0.0,0.0
904.8000000000001,0.0,0.0
905.0,0.0,0.0
905.2,0.0,0.0
905.4000000000001,0.0,0.0
905.6,0.0,0.0
905.8000000000001,0.0,0.0
906.0,0.0,0.0
906.2,0.0,0.0
906.4000000000001,0.0,0.0
906.6,0.0,0.0
906.8000000000001,0.0,0.0
907.0,0.0,0.0
907.2,0.0,0.0
907.4000000000001,0.0,0.0
907.6,0.0,0.0
907.8000000000001,0.0,0.0
908.0,0.0,0.0
908.2,0.0,0.0
908.4000000000001,0.0,0.0
908.6,0.0,0.0
908.8000000000001,0.0,0.0
909.0,0.0,0.0
909.2,0.0,0.0
909.4000000000001,0.0,0.0
909.6,0.0,0.0
909.8000000000001,0.0,0.0
910.0,0.0,0.0
910.2,0.0,0.0
910.4000000000001,0.0,0.0
910.6,0.0,0.0
910.8000000000001,0.0,0.0
911.0,0.0,0.0
911.2,0.0,0.0
911.4000000000001,0.0,0.0
911.6,0.0,0.0
911.8000000000001,0.0,0.0
912.0,0.0,0.0
912.2,0.0,0.0
912.4000000000001,0.0,0.0
912.6,0.0,0.0
912.8000000000001,0.0,0.0
913.0,0.0,0.0
913.2,0.0,0.0
913.4000000000001,0.0,0.0
913.6,0.0,0.0
913.8000000000001,0.0,0.0
914.0,0.0,0.0
914.2,0.0,0.0
914.4000000000001,0.0,0.0
914.6,0.0,0.0
914.8000000000001,0.0,0.0
915.0,0.0,0.0
915.2,0.0,0.0
915.4000000000001,0.0,0.0
915.6,0.0,0.0
915.8000000000001,0.0,0.0
916.0,0.0,0.0
916.2,0.0,0.0
916.4000000000001,0.0,0.0
916.6,0.0,0.0
916.8000000000001,0.0,0.0
917.0,0.0,0.0
917.2,0.0,0.0
917.4000000000001,0.0,0.0
917.6,0.0,0.0
917.8000000000001,0.0,0.0
918.0,0.0,0.0
918.2,0.0,0.0
918.4000000000001,0.0,0.0
918.6,0.0,0.0
918.8000000000001,0.0,0.0
919.0,0.0,0.0
919.2,0.0,0.0
919.4000000000001,0.0,0.0
919.6,0.0,0.0
919.8000000000001,0.0,0.0
920.0,0.0,0.0
920.2,0.0,0.0
920.4000000000001,0.0,0.0
920.6,0.0,0.0
920.8000000000001,0.0,0.0
921.0,0.0,0.0
921.2,0.0,0.0
921.4000000000001,0.0,0.0
921.6,0.0,0.0
921.8000000000001,0.0,0.0
922.0,0.0,0.0
922.2,0.0,0.0
922.4000000000001,0.0,0.0
922.6,0.0,0.0
922.8000000000001,0.0,0.0
923.0,0.0,0.0
923.2,0.0,0.0
923.4000000000001,0.0,0.0
923.6,0.0,0.0
923.8000000000001,0.0,0.0
924.0,0.0,0.0
924.2,0.0,0.0
924.4000000000001,0.0,0.0
924.6,0.0,0.0
924.8000000000001,0.0,0.0
925.0,0.0,0.0
925.2,0.0,0.0
925.4000000000001,0.0,0.0
925.6,0.0,0.0
925.8000000000001,0.0,0.0
926.0,0.0,0.0
926.2,0.0,0.0
926.4000000000001,0.0,0.0
926.6,0.0,0.0
926.8000000000001,0.0,0.0
927.0,0.0,0.0
927.2,0.0,0.0
927.4000000000001,0.0,0.0
927.6,0.0,0.0
927.8000000000001,0.0,0.0
928.0,0.0,0.0
928.2,0.0,0.0
928.4000000000001,0.0,0.0
928.6,0.0,0.0
928.8000000000001,0.0,0.0
929.0,0.0,0.0
929.2,0.0,0.0
929.4000000000001,0.0,0.0
929.6,0.0,0.0
929.8000000000001,0.0,0.0
930.0,0.0,0.0
930.2,0.0,0.0
930.4000000000001,0.0,0.0
930.6,0.0,0.0
930.8000000000001,0.0,0.0
931.0,0.0,0.0
931.2,0.0,0.0
931.4000000000001,0.0,0.0
931.6,0.0,0.0
931.8000000000001,0.0,0.0
932.0,0.0,0.0
932.2,0.0,0.0
932.4000000000001,0.0,0.0
932.6,0.0,0.0
932.8000000000001,0.0,0.0
933.0,0.0,0.0
933.2,0.0,0.0
933.4000000000001,0.0,0.0
933.6,0.0,0.0
933.8000000000001,0.0,0.0
934.0,0.0,0.0
934.2,0.0,0.0
934.4000000000001,0.0,0.0
934.6,0.0,0.0
934.8000000000001,0.0,0.0
935.0,0.0,0.0
935.2,0.0,0.0
935.4000000000001,0.0,0.0
935.6,0.0,0.0
935.8000000000001,0.0,0.0
936.0,0.0,0.0
936.2,0.0,0.0
936.4000000000001,0.0,0.0
936.6,0.0,0.0
936.8000000000001,0.0,0.0
937.0,0.0,0.0
937.2,0.0,0.0
937.4000000000001,0.0,0.0
937.6,0.0,0.0
937.8000000000001,0.0,0.0
938.0,0.0,0.0
938.2,0.0,0.0
938.4000000000001,0.0,0.0
938.6,0.0,0.0
938.8000000000001,0.0,0.0
939.0,0.0,0.0
939.2,0.0,0.0
939.4000000000001,0.0,0.0
939.6,0.0,0.0
939.8000000000001,0.0,0.0
940.0,0.0,0.0
940.2,0.0,0.0
940.4000000000001,0.0,0.0
940.6,0.0,0.0
940.8000000000001,0.0,0.0
941.0,0.0,0.0
941.2,0.0,0.0
941.4000000000001,0.0,0.0
941.6,0.0,0.0
941.8000000000001,0.0,0.0
942.0,0.0,0.0
942.2,0.0,0.0
942.4000000000001,0.0,0.0
942.6,0.0,0.0
942.8000000000001,0.0,0.0
943.0,0.0,0.0
943.2,0.0,0.0
943.4000000000001,0.0,0.0
943.6,0.0,0.0
943.8000000000001,0.0,0.0
944.0,0.0,0.0
944.2,0.0,0.0
944.4000000000001,0.0,0.0
944.6,0.0,0.0
944.8000000000001,0.0,0.0
945.0,0.0,0.0
945.2,0.0,0.0
945.4000000000001,0.0,0.0
945.6,0.0,0.0
945.8000000000001,0.0,0.0
946.0,0.0,0.0
946.2,0.0,0.0
946.4000000000001,0.0,0.0
946.6,0.0,0.0
946.8000000000001,0.0,0.0
947.0,0.0,0.0
947.2,0.0,0.0
947.4000000000001,0.0,0.0
947.6,0.0,0.0
947.8000000000001,0.0,0.0
948.0,0.0,0.0
948.2,0.0,0.0
948.4000000000001,0.0,0.0
948.6,0.0,0.0
948.8000000000001,0.0,0.0
949.0,0.0,0.0
949.2,0.0,0.0
949.4000000000001,0.0,0.0
949.6,0.0,0.0
949.8000000000001,0.0,0.0
950.0,0.0,0.0
950.2,0.0,0.0
950.4000000000001,0.0,0.0
950.6,0.0,0.0
950.8000000000001,0.0,0.0
951.0,0.0,0.0
951.2,0.0,0.0
951.4000000000001,0.0,0.0
951.6,0.0,0.0
951.8000000000001,0.0,0.0
952.0,0.0,0.0
952.2,0.0,0.0
952.4000000000001,0.0,0.0
952.6,0.0,0.0
952.8000000000001,0.0,0.0
953.0,0.0,0.0
953.2,0.0,0.0
953.4000000000001,0.0,0.0
953.6,0.0,0.0
953.8000000000001,0.0,0.0
954.0,0.0,0.0
954.2,0.0,0.0
954.4000000000001,0.0,0.0
954.6,0.0,0.0
954.8000000000001,0.0,0.0
955.0,0.0,0.0
955.2,0.0,0.0
955.4000000000001,0.0,0.0
955.6,0.0,0.0
955.8000000000001,0.0,0.0
956.0,0.0,0.0
956.2,0.0,0.0
956.4000000000001,0.0,0.0
956.6,0.0,0.0
956.8000000000001,0.0,0.0
957.0,0.0,0.0
957.2,0.0,0.0
957.4000000000001,0.0,0.0
957.6,0.0,0.0
957.8000000000001,0.0,0.0
958.0,0.0,0.0
958.2,0.0,0.0
958.4000000000001,0.0,0.0
958.6,0.0,0.0
958.8000000000001,0.0,0.0
959.0,0.0,0.0
959.2,0.0,0.0
959.4000000000001,0.0,0.0
959.6,0.0,0.0
959.8000000000001,0.0,0.0
960.0,0.0,0.0
960.2,0.0,0.0
960.4000000000001,0.0,0.0
960.6,0.0,0.0
960.8000000000001,0.0,0.0
961.0,0.0,0.0
961.2,0.0,0.0
961.4000000000001,0.0,0.0
961.6,0.0,0.0
961.8000000000001,0.0,0.0
962.0,0.0,0.0
962.2,0.0,0.0
962.4000000000001,0.0,0.0
962.6,0.0,0.0
962.8000000000001,0.0,0.0
963.0,0.0,0.0
963.2,0.0,0.0
963.4000000000001,0.0,0.0
963.6,0.0,0.0
963.8000000000001,0.0,0.0
964.0,0.0,0.0
964.2,0.0,0.0
964.4000000000001,0.0,0.0
964.6,0.0,0.0
964.8000000000001,0.0,0.0
965.0,0.0,0.0
965.2,0.0,0.0
965.4000000000001,0.0,0.0
965.6,0.0,0.0
965.8000000000001,0.0,0.0
966.0,0.0,0.0
966.2,0.0,0.0
966.4000000000001,0.0,0.0
966.6,0.0,0.0
966.8000000000001,0.0,0.0
967.0,0.0,0.0
967.2,0.0,0.0
967.4000000000001,0.0,0.0
967.6,0.0,0.0
967.8000000000001,0.0,0.0
968.0,0.0,0.0
968.2,0.0,0.0
968.4000000000001,0.0,0.0
968.6,0.0,0.0
968.8000000000001,0.0,0.0
969.0,0.0,0.0
969.2,0.0,0.0
969.4000000000001,0.0,0.0
969.6,0.0,0.0
969.8000000000001,0.0,0.0
970.0,0.0,0.0
970.2,0.0,0.0
970.4000000000001,0.0,0.0
970.6,0.0,0.0
970.8000000000001,0.0,0.0
971.0,0.0,0.0
971.2,0.0,0.0
971.4000000000001,0.0,0.0
971.6,0.0,0.0
971.8000000000001,0.0,0.0
972.0,0.0,0.0
972.2,0.0,0.0
972.4000000000001,0.0,0.0
972.6,0.0,0.0
972.8000000000001,0.0,0.0
973.0,0.0,0.0
973.2,0.0,0.0
973.4000000000001,0.0,0.0
973.6,0.0,0.0
973.8000000000001,0.0,0.0
974.0,0.0,0.0
974.2,0.0,0.0
974.4000000000001,0.0,0.0
974.6,0.0,0.0
974.8000000000001,0.0,0.0
975.0,0.0,0.0
975.2,0.0,0.0
975.4000000000001,0.0,0.0
975.6,0.0,0.0
975.8000000000001,0.0,0.0
976.0,0.0,0.0
976.2,0.0,0.0
976.4000000000001,0.0,0.0
976.6,0.0,0.0
976.8000000000001,0.0,0.0
977.0,0.0,0.0
977.2,0.0,0.0
977.4000000000001,0.0,0.0
977.6,0.0,0.0
977.8000000000001,0.0,0.0
978.0,0.0,0.0
978.2,0.0,0.0
978.4000000000001,0.0,0.0
978.6,0.0,0.0
978.8000000000001,0.0,0.0
979.0,0.0,0.0
979.2,0.0,0.0
979.4000000000001,0.0,0.0
979.6,0.0,0.0
979.8000000000001,0.0,0.0
980.0,0.0,0.0
980.2,0.0,0.0
980.4000000000001,0.0,0.0
980.6,0.0,0.0
980.8000000000001,0.0,0.0
981.0,0.0,0.0
981.2,0.0,0.0
981.4000000000001,0.0,0.0
981.6,0.0,0.0
981.8000000000001,0.0,0.0
982.0,0.0,0.0
982.2,0.0,0.0
982.4000000000001,0.0,0.0
982.6,0.0,0.0
982.8000000000001,0.0,0.0
983.0,0.0,0.0
983.2,0.0,0.0
983.4000000000001,0.0,0.0
983.6,0.0,0.0
983.8000000000001,0.0,0.0
984.0,0.0,0.0
984.2,0.0,0.0
984.4000000000001,0.0,0.0
984.6,0.0,0.0
984.8000000000001,0.0,0.0
985.0,0.0,0.0
985.2,0.0,0.0
985.4000000000001,0.0,0.0
985.6,0.0,0.0
985.8000000000001,0.0,0.0
986.0,0.0,0.0
986.2,0.0,0.0
986.4000000000001,0.0,0.0
986.6,0.0,0.0
986.8000000000001,0.0,0.0
987.0,0.0,0.0
987.2,0.0,0.0
987.4000000000001,0.0,0.0
987.6,0.0,0.0
987.8000000000001,0.0,0.0
988.0,0.0,0.0
988.2,0.0,0.0
988.4000000000001,0.0,0.0
988.6,0.0,0.0
988.8000000000001,0.0,0.0
989.0,0.0,0.0
989.2,0.0,0.0
989.4000000000001,0.0,0.0
989.6,0.0,0.0
989.8000000000001,0.0,0.0
990.0,0.0,0.0
990.2,0.0,0.0
990.4000000000001,0.0,0.0
990.6,0.0,0.0
990.8000000000001,0.0,0.0
991.0,0.0,0.0
991.2,0.0,0.0
991.4000000000001,0.0,0.0
991.6,0.0,0.0
991.8000000000001,0.0,0.0
992.0,0.0,0.0
992.2,0.0,0.0
992.4000000000001,0.0,0.0
992.6,0.0,0.0
992.8000000000001,0.0,0.0
993.0,0.0,0.0
993.2,0.0,0.0
993.4000000000001,0.0,0.0
993.6,0.0,0.0
993.8000000000001,0.0,0.0
994.0,0.0,0.0
994.2,0.0,0.0
994.4000000000001,0.0,0.0
994.6,0.0,0.0
994.8000000000001,0.0,0.0
995.0,0.0,0.0
995.2,0.0,0.0
995.4000000000001,0.0,0.0
995.6,0.0,0.0
995.8000000000001,0.0,0.0
996.0,0.0,0.0
996.2,0.0,0.0
996.4000000000001,0.0,0.0
996.6,0.0,0.0
996.8000000000001,0.0,0.0
997.0,0.0,0.0
997.2,0.0,0.0
997.4000000000001,0.0,0.0
997.6,0.0,0.0
997.8000000000001,0.0,0.0
998.0,0.0,0.0
998.2,0.0,0.0
998.4000000000001,0.0,0.0
998.6,0.0,0.0
998.8000000000001,0.0,0.0
999.0,0.0,0.0
999.2,0.0,0.0
999.4000000000001,0.0,0.0
999.6,0.0,0.0
999.8000000000001,0.0008144571566134975,0.0008144571566134975
