0.01,4.55E+00,5.12E+00,,,
0.02,4.56E+00,5.11E+00,,,
0.03,4.56E+00,5.11E+00,,,
0.04,4.56E+00,5.10E+00,,,
0.05,4.56E+00,5.08E+00,,,
0.06,4.56E+00,5.08E+00,,,
0.07,4.56E+00,5.07E+00,,,
0.08,4.55E+00,5.06E+00,,,
0.09,4.54E+00,5.05E+00,,,
0.1,4.54E+00,5.03E+00,,,
0.11,4.54E+00,5.02E+00,,,
0.12,4.55E+00,5.03E+00,,,
0.13,4.54E+00,5.03E+00,,,
0.14,4.54E+00,5.01E+00,,,
0.15,4.54E+00,5.00E+00,,,
0.16,4.54E+00,5.02E+00,,,
0.17,4.53E+00,5.05E+00,,,
0.18,4.53E+00,5.05E+00,,,
0.19,4.52E+00,5.05E+00,,,
0.2,4.51E+00,5.04E+00,,,
0.21,4.50E+00,5.04E+00,,,
0.22,4.48E+00,5.04E+00,,,
0.23,4.48E+00,5.05E+00,,,
0.24,4.47E+00,5.05E+00,,,
0.25,4.47E+00,5.05E+00,,,
0.26,4.47E+00,5.05E+00,,,
0.27,4.47E+00,5.05E+00,,,
0.28,4.47E+00,5.06E+00,,,
0.29,4.46E+00,5.06E+00,,,
0.3,4.46E+00,5.05E+00,,,
0.31,4.47E+00,5.07E+00,,,
0.32,4.47E+00,5.09E+00,,,
0.33,4.46E+00,5.10E+00,,,
0.34,4.45E+00,5.11E+00,,,
0.35,4.45E+00,5.11E+00,,,
0.36,4.46E+00,5.12E+00,,,
0.37,4.45E+00,5.12E+00,,,
0.38,4.45E+00,5.11E+00,,,
0.39,4.45E+00,5.09E+00,,,
0.4,4.45E+00,5.08E+00,,,
0.41,4.45E+00,5.07E+00,,,
0.42,4.46E+00,5.08E+00,,,
0.43,4.46E+00,5.08E+00,,,
0.44,4.46E+00,5.08E+00,,,
0.45,4.47E+00,5.09E+00,,,
0.46,4.47E+00,5.08E+00,,,
0.47,4.48E+00,5.07E+00,,,
0.48,4.48E+00,5.06E+00,,,
0.49,4.48E+00,5.05E+00,,,
0.5,4.48E+00,5.04E+00,,,
0.51,4.49E+00,5.03E+00,,,
0.52,4.50E+00,5.01E+00,,,
0.53,4.50E+00,4.99E+00,,,
0.54,4.50E+00,4.96E+00,,,
0.55,4.49E+00,4.95E+00,,,
0.56,4.49E+00,4.96E+00,,,
0.57,4.48E+00,4.96E+00,,,
0.58,4.49E+00,4.96E+00,,,
0.59,4.49E+00,4.95E+00,,,
0.6,4.48E+00,4.95E+00,,,
0.61,4.47E+00,4.95E+00,,,
0.62,4.45E+00,4.95E+00,,,
0.63,4.45E+00,4.95E+00,,,
0.64,4.45E+00,4.95E+00,,,
0.65,4.46E+00,4.94E+00,,,
0.66,4.48E+00,4.93E+00,,,
0.67,4.49E+00,4.93E+00,,,
0.68,4.50E+00,4.92E+00,,,
0.69,4.52E+00,4.92E+00,,,
0.7,4.53E+00,4.92E+00,,,
0.71,4.54E+00,4.92E+00,,,
0.72,4.55E+00,4.93E+00,,,
0.73,4.56E+00,4.94E+00,,,
0.74,4.56E+00,4.95E+00,,,
0.75,4.55E+00,4.95E+00,,,
0.76,4.55E+00,4.96E+00,,,
0.77,4.55E+00,4.96E+00,,,
0.78,4.56E+00,4.96E+00,,,
0.79,4.56E+00,4.97E+00,,,
0.8,4.56E+00,4.97E+00,,,
0.81,4.56E+00,4.98E+00,,,
0.82,4.57E+00,4.98E+00,,,
0.83,4.57E+00,4.99E+00,,,
0.84,4.56E+00,5.00E+00,,,
0.85,4.56E+00,5.00E+00,,,
0.86,4.56E+00,4.99E+00,,,
0.87,4.56E+00,4.99E+00,,,
0.88,4.56E+00,4.98E+00,,,
0.89,4.56E+00,4.99E+00,,,
0.9,4.56E+00,4.99E+00,,,
0.91,4.56E+00,4.99E+00,,,
0.92,4.56E+00,4.99E+00,,,
0.93,4.55E+00,4.97E+00,,,
0.94,4.54E+00,4.95E+00,,,
0.95,4.54E+00,4.95E+00,,,
0.96,4.54E+00,4.97E+00,,,
0.97,4.54E+00,4.99E+00,,,
0.98,4.53E+00,5.02E+00,,,
0.99,4.52E+00,5.04E+00,,,
1,4.51E+00,5.06E+00,,,
1.01,4.51E+00,5.07E+00,,,
1.02,4.50E+00,5.08E+00,,,
1.03,4.50E+00,5.10E+00,,,
1.04,4.50E+00,5.10E+00,,,
1.05,4.52E+00,5.10E+00,,,
1.06,4.53E+00,5.09E+00,,,
1.07,4.53E+00,5.09E+00,,,
1.08,4.53E+00,5.09E+00,,,
1.09,4.53E+00,5.09E+00,,,
1.1,4.52E+00,5.08E+00,,,
1.11,4.52E+00,5.09E+00,,,
1.12,4.53E+00,5.12E+00,,,
1.13,4.53E+00,5.13E+00,,,
1.14,4.53E+00,5.14E+00,,,
1.15,4.53E+00,5.13E+00,,,
1.16,4.53E+00,5.12E+00,,,
1.17,4.54E+00,5.11E+00,,,
1.18,4.54E+00,5.12E+00,,,
1.19,4.55E+00,5.12E+00,,,
1.2,4.55E+00,5.12E+00,,,
1.21,4.55E+00,5.11E+00,,,
1.22,4.55E+00,5.11E+00,,,
1.23,4.56E+00,5.11E+00,,,
1.24,4.56E+00,5.10E+00,,,
1.25,4.56E+00,5.08E+00,,,
1.26,4.56E+00,5.08E+00,,,
1.27,4.56E+00,5.07E+00,,,
1.28,4.55E+00,5.06E+00,,,
1.29,4.54E+00,5.05E+00,,,
1.3,4.54E+00,5.03E+00,,,
1.31,4.54E+00,5.02E+00,,,
1.32,4.55E+00,5.02E+00,,,
1.33,4.54E+00,5.03E+00,,,
1.34,4.54E+00,5.01E+00,,,
1.35,4.54E+00,5.00E+00,,,
1.36,4.53E+00,5.02E+00,,,
1.37,4.53E+00,5.04E+00,,,
1.38,4.53E+00,5.05E+00,,,
1.39,4.52E+00,5.05E+00,,,
1.4,4.51E+00,5.04E+00,,,
1.41,4.50E+00,5.04E+00,,,
1.42,4.48E+00,5.04E+00,,,
1.43,4.48E+00,5.05E+00,,,
1.44,4.47E+00,5.05E+00,,,
1.45,4.47E+00,5.05E+00,,,
1.46,4.47E+00,5.05E+00,,,
1.47,4.47E+00,5.05E+00,,,
1.48,4.47E+00,5.06E+00,,,
1.49,4.46E+00,5.06E+00,,,
1.5,4.46E+00,5.05E+00,,,
1.51,4.47E+00,5.07E+00,,,
1.52,4.47E+00,5.09E+00,,,
1.53,4.46E+00,5.10E+00,,,
1.54,4.45E+00,5.11E+00,,,
1.55,4.45E+00,5.11E+00,,,
1.56,4.46E+00,5.12E+00,,,
1.57,4.45E+00,5.12E+00,,,
1.58,4.45E+00,5.11E+00,,,
1.59,4.45E+00,5.09E+00,,,
1.6,4.45E+00,5.08E+00,,,
1.61,4.45E+00,5.07E+00,,,
1.62,4.46E+00,5.08E+00,,,
1.63,4.46E+00,5.08E+00,,,
1.64,4.46E+00,5.08E+00,,,
1.65,4.47E+00,5.09E+00,,,
1.66,4.47E+00,5.08E+00,,,
1.67,4.48E+00,5.07E+00,,,
1.68,4.48E+00,5.06E+00,,,
1.69,4.48E+00,5.05E+00,,,
1.7,4.48E+00,5.04E+00,,,
1.71,4.49E+00,5.03E+00,,,
1.72,4.50E+00,5.01E+00,,,
1.73,4.50E+00,4.99E+00,,,
1.74,4.50E+00,4.96E+00,,,
1.75,4.49E+00,4.95E+00,,,
1.76,4.49E+00,4.96E+00,,,
1.77,4.48E+00,4.96E+00,,,
1.78,4.49E+00,4.96E+00,,,
1.79,4.49E+00,4.95E+00,,,
1.8,4.48E+00,4.95E+00,,,
1.81,4.47E+00,4.95E+00,,,
1.82,4.45E+00,4.95E+00,,,
1.83,4.45E+00,4.95E+00,,,
1.84,4.45E+00,4.94E+00,,,
1.85,4.46E+00,4.94E+00,,,
1.86,4.48E+00,4.93E+00,,,
1.87,4.49E+00,4.93E+00,,,
1.88,4.50E+00,4.92E+00,,,
1.89,4.52E+00,4.92E+00,,,
1.9,4.53E+00,4.92E+00,,,
1.91,4.54E+00,4.92E+00,,,
1.92,4.55E+00,4.93E+00,,,
1.93,4.56E+00,4.94E+00,,,
1.94,4.56E+00,4.95E+00,,,
1.95,4.55E+00,4.95E+00,,,
1.96,4.55E+00,4.96E+00,,,
1.97,4.55E+00,4.96E+00,,,
1.98,4.56E+00,4.96E+00,,,
1.99,4.56E+00,4.97E+00,,,
2,4.56E+00,4.97E+00,,,
2.01,4.56E+00,4.97E+00,,,
2.02,4.57E+00,4.98E+00,,,
2.03,4.57E+00,4.99E+00,,,
2.04,4.57E+00,5.00E+00,,,
2.05,4.56E+00,5.00E+00,,,
2.06,4.56E+00,4.99E+00,,,
2.07,4.56E+00,4.99E+00,,,
2.08,4.56E+00,4.98E+00,,,
2.09,4.56E+00,4.99E+00,,,
2.1,4.56E+00,4.99E+00,,,
2.11,4.56E+00,4.99E+00,,,
2.12,4.56E+00,4.99E+00,,,
2.13,4.55E+00,4.97E+00,,,
2.14,4.54E+00,4.95E+00,,,
2.15,4.54E+00,4.95E+00,,,
2.16,4.54E+00,4.97E+00,,,
2.17,4.54E+00,4.99E+00,,,
2.18,4.53E+00,5.02E+00,,,
2.19,4.52E+00,5.04E+00,,,
2.2,4.51E+00,5.06E+00,,,
2.21,4.51E+00,5.07E+00,,,
2.22,4.50E+00,5.08E+00,,,
2.23,4.50E+00,5.10E+00,,,
2.24,4.50E+00,5.10E+00,,,
2.25,4.52E+00,5.10E+00,,,
2.26,4.53E+00,5.09E+00,,,
2.27,4.53E+00,5.09E+00,,,
2.28,4.53E+00,5.09E+00,,,
2.29,4.53E+00,5.09E+00,,,
2.3,4.52E+00,5.09E+00,,,
2.31,4.52E+00,5.10E+00,,,
2.32,4.53E+00,5.12E+00,,,
2.33,4.53E+00,5.13E+00,,,
2.34,4.53E+00,5.14E+00,,,
2.35,4.53E+00,5.13E+00,,,
2.36,4.53E+00,5.12E+00,,,
2.37,4.54E+00,5.11E+00,,,
2.38,4.54E+00,5.12E+00,,,
2.39,4.55E+00,5.12E+00,,,
2.4,4.55E+00,5.12E+00,,,
2.41,4.55E+00,5.12E+00,,,
2.42,4.56E+00,5.11E+00,,,
2.43,4.56E+00,5.11E+00,,,
2.44,4.56E+00,5.10E+00,,,
2.45,4.56E+00,5.08E+00,,,
2.46,4.56E+00,5.08E+00,,,
2.47,4.56E+00,5.07E+00,,,
2.48,4.55E+00,5.06E+00,,,
2.49,4.54E+00,5.05E+00,,,
2.5,4.54E+00,5.03E+00,,,
2.51,4.54E+00,5.02E+00,,,
2.52,4.55E+00,5.03E+00,,,
2.53,4.54E+00,5.03E+00,,,
2.54,4.54E+00,5.01E+00,,,
2.55,4.54E+00,5.00E+00,,,
2.56,4.53E+00,5.02E+00,,,
2.57,4.53E+00,5.05E+00,,,
2.58,4.53E+00,5.05E+00,,,
2.59,4.52E+00,5.05E+00,,,
2.6,4.51E+00,5.04E+00,,,
2.61,4.50E+00,5.04E+00,,,
2.62,4.48E+00,5.04E+00,,,
2.63,4.48E+00,5.05E+00,,,
2.64,4.47E+00,5.05E+00,,,
2.65,4.47E+00,5.05E+00,,,
2.66,4.47E+00,5.05E+00,,,
2.67,4.47E+00,5.05E+00,,,
2.68,4.46E+00,5.06E+00,,,
2.69,4.46E+00,5.06E+00,,,
2.7,4.46E+00,5.06E+00,,,
2.71,4.47E+00,5.07E+00,,,
2.72,4.46E+00,5.09E+00,,,
2.73,4.46E+00,5.10E+00,,,
2.74,4.45E+00,5.11E+00,,,
2.75,4.45E+00,5.11E+00,,,
2.76,4.46E+00,5.12E+00,,,
2.77,4.46E+00,5.12E+00,,,
2.78,4.45E+00,5.11E+00,,,
2.79,4.45E+00,5.09E+00,,,
2.8,4.45E+00,5.08E+00,,,
2.81,4.45E+00,5.07E+00,,,
2.82,4.46E+00,5.08E+00,,,
2.83,4.46E+00,5.08E+00,,,
2.84,4.46E+00,5.08E+00,,,
2.85,4.47E+00,5.09E+00,,,
2.86,4.47E+00,5.08E+00,,,
2.87,4.48E+00,5.07E+00,,,
2.88,4.48E+00,5.06E+00,,,
2.89,4.48E+00,5.05E+00,,,
2.9,4.48E+00,5.04E+00,,,
2.91,4.49E+00,5.03E+00,,,
2.92,4.50E+00,5.01E+00,,,
2.93,4.50E+00,4.99E+00,,,
2.94,4.50E+00,4.96E+00,,,
2.95,4.49E+00,4.95E+00,,,
2.96,4.49E+00,4.96E+00,,,
2.97,4.48E+00,4.96E+00,,,
2.98,4.49E+00,4.96E+00,,,
2.99,4.49E+00,4.95E+00,,,
3,4.48E+00,4.95E+00,,,
3.01,4.47E+00,4.95E+00,,,
3.02,4.45E+00,4.95E+00,,,
3.03,4.45E+00,4.95E+00,,,
3.04,4.45E+00,4.95E+00,,,
3.05,4.46E+00,4.94E+00,,,
3.06,4.48E+00,4.93E+00,,,
3.07,4.49E+00,4.93E+00,,,
3.08,4.51E+00,4.92E+00,,,
3.09,4.52E+00,4.92E+00,,,
3.1,4.53E+00,4.92E+00,,,
3.11,4.54E+00,4.92E+00,,,
3.12,4.55E+00,4.93E+00,,,
3.13,4.56E+00,4.94E+00,,,
3.14,4.56E+00,4.95E+00,,,
3.15,4.55E+00,4.95E+00,,,
3.16,4.55E+00,4.96E+00,,,
3.17,4.55E+00,4.96E+00,,,
3.18,4.56E+00,4.96E+00,,,
3.19,4.56E+00,4.97E+00,,,
3.2,4.56E+00,4.97E+00,,,
3.21,4.56E+00,4.98E+00,,,
3.22,4.57E+00,4.98E+00,,,
3.23,4.57E+00,4.99E+00,,,
3.24,4.56E+00,5.00E+00,,,
3.25,4.56E+00,5.00E+00,,,
3.26,4.56E+00,4.99E+00,,,
3.27,4.56E+00,4.99E+00,,,
3.28,4.56E+00,4.98E+00,,,
3.29,4.56E+00,4.99E+00,,,
3.3,4.56E+00,4.99E+00,,,
3.31,4.56E+00,4.99E+00,,,
3.32,4.56E+00,4.99E+00,,,
3.33,4.55E+00,4.97E+00,,,
3.34,4.54E+00,4.95E+00,,,
3.35,4.54E+00,4.95E+00,,,
3.36,4.54E+00,4.97E+00,,,
3.37,4.54E+00,4.99E+00,,,
3.38,4.53E+00,5.02E+00,,,
3.39,4.52E+00,5.04E+00,,,
3.4,4.51E+00,5.06E+00,,,
3.41,4.51E+00,5.07E+00,,,
3.42,4.50E+00,5.08E+00,,,
3.43,4.50E+00,5.10E+00,,,
3.44,4.50E+00,5.10E+00,,,
3.45,4.52E+00,5.10E+00,,,
3.46,4.53E+00,5.09E+00,,,
3.47,4.53E+00,5.09E+00,,,
3.48,4.53E+00,5.09E+00,,,
3.49,4.53E+00,5.09E+00,,,
3.5,4.52E+00,5.08E+00,,,
3.51,4.52E+00,5.10E+00,,,
3.52,4.53E+00,5.12E+00,,,
3.53,4.53E+00,5.13E+00,,,
3.54,4.53E+00,5.14E+00,,,
3.55,4.53E+00,5.13E+00,,,
3.56,4.53E+00,5.12E+00,,,
3.57,4.54E+00,5.11E+00,,,
3.58,4.54E+00,5.12E+00,,,
3.59,4.55E+00,5.12E+00,,,
3.6,4.55E+00,5.12E+00,,,
3.61,4.55E+00,5.12E+00,,,
3.62,4.55E+00,5.11E+00,,,
3.63,4.56E+00,5.11E+00,,,
3.64,4.56E+00,5.10E+00,,,
3.65,4.56E+00,5.08E+00,,,
3.66,4.56E+00,5.08E+00,,,
3.67,4.56E+00,5.07E+00,,,
3.68,4.55E+00,5.06E+00,,,
3.69,4.54E+00,5.05E+00,,,
3.7,4.54E+00,5.03E+00,,,
3.71,4.54E+00,5.02E+00,,,
3.72,4.54E+00,5.03E+00,,,
3.73,4.54E+00,5.03E+00,,,
3.74,4.54E+00,5.01E+00,,,
3.75,4.54E+00,5.00E+00,,,
3.76,4.53E+00,5.02E+00,,,
3.77,4.53E+00,5.05E+00,,,
3.78,4.52E+00,5.05E+00,,,
3.79,4.52E+00,5.05E+00,,,
3.8,4.51E+00,5.04E+00,,,
3.81,4.49E+00,5.04E+00,,,
3.82,4.48E+00,5.04E+00,,,
3.83,4.48E+00,5.05E+00,,,
3.84,4.47E+00,5.05E+00,,,
3.85,4.47E+00,5.05E+00,,,
3.86,4.47E+00,5.05E+00,,,
3.87,4.47E+00,5.05E+00,,,
3.88,4.46E+00,5.06E+00,,,
3.89,4.46E+00,5.06E+00,,,
3.9,4.46E+00,5.05E+00,,,
3.91,4.47E+00,5.07E+00,,,
3.92,4.47E+00,5.09E+00,,,
3.93,4.46E+00,5.10E+00,,,
3.94,4.45E+00,5.11E+00,,,
3.95,4.45E+00,5.11E+00,,,
3.96,4.45E+00,5.12E+00,,,
3.97,4.45E+00,5.12E+00,,,
3.98,4.45E+00,5.11E+00,,,
3.99,4.45E+00,5.09E+00,,,
4,4.45E+00,5.08E+00,,,
4.01,4.45E+00,5.07E+00,,,
4.02,4.46E+00,5.08E+00,,,
4.03,4.46E+00,5.08E+00,,,
4.04,4.46E+00,5.08E+00,,,
4.05,4.47E+00,5.09E+00,,,
4.06,4.47E+00,5.08E+00,,,
4.07,4.48E+00,5.07E+00,,,
4.08,4.48E+00,5.06E+00,,,
4.09,4.48E+00,5.05E+00,,,
4.1,4.48E+00,5.04E+00,,,
4.11,4.49E+00,5.03E+00,,,
4.12,4.50E+00,5.01E+00,,,
4.13,4.50E+00,4.99E+00,,,
4.14,4.50E+00,4.96E+00,,,
4.15,4.49E+00,4.95E+00,,,
4.16,4.48E+00,4.96E+00,,,
4.17,4.48E+00,4.96E+00,,,
4.18,4.49E+00,4.96E+00,,,
4.19,4.49E+00,4.95E+00,,,
4.2,4.48E+00,4.95E+00,,,
4.21,4.47E+00,4.95E+00,,,
4.22,4.45E+00,4.95E+00,,,
4.23,4.45E+00,4.95E+00,,,
4.24,4.45E+00,4.95E+00,,,
4.25,4.46E+00,4.94E+00,,,
4.26,4.48E+00,4.93E+00,,,
4.27,4.49E+00,4.93E+00,,,
4.28,4.50E+00,4.92E+00,,,
4.29,4.52E+00,4.92E+00,,,
4.3,4.53E+00,4.92E+00,,,
4.31,4.54E+00,4.92E+00,,,
4.32,4.55E+00,4.93E+00,,,
4.33,4.56E+00,4.94E+00,,,
4.34,4.56E+00,4.95E+00,,,
4.35,4.55E+00,4.95E+00,,,
4.36,4.55E+00,4.96E+00,,,
4.37,4.55E+00,4.96E+00,,,
4.38,4.56E+00,4.96E+00,,,
4.39,4.56E+00,4.97E+00,,,
4.4,4.56E+00,4.97E+00,,,
4.41,4.56E+00,4.98E+00,,,
4.42,4.57E+00,4.98E+00,,,
4.43,4.57E+00,4.99E+00,,,
4.44,4.56E+00,5.00E+00,,,
4.45,4.56E+00,5.00E+00,,,
4.46,4.56E+00,4.99E+00,,,
4.47,4.56E+00,4.99E+00,,,
4.48,4.56E+00,4.98E+00,,,
4.49,4.56E+00,4.99E+00,,,
4.5,4.56E+00,4.99E+00,,,
4.51,4.56E+00,4.99E+00,,,
4.52,4.56E+00,4.99E+00,,,
4.53,4.55E+00,4.97E+00,,,
4.54,4.54E+00,4.95E+00,,,
4.55,4.54E+00,4.95E+00,,,
4.56,4.54E+00,4.97E+00,,,
4.57,4.54E+00,4.99E+00,,,
4.58,4.53E+00,5.02E+00,,,
4.59,4.52E+00,5.04E+00,,,
4.6,4.51E+00,5.06E+00,,,
4.61,4.51E+00,5.07E+00,,,
4.62,4.50E+00,5.08E+00,,,
4.63,4.50E+00,5.10E+00,,,
4.64,4.50E+00,5.10E+00,,,
4.65,4.52E+00,5.10E+00,,,
4.66,4.53E+00,5.09E+00,,,
4.67,4.53E+00,5.09E+00,,,
4.68,4.53E+00,5.09E+00,,,
4.69,4.53E+00,5.09E+00,,,
4.7,4.52E+00,5.08E+00,,,
4.71,4.52E+00,5.10E+00,,,
4.72,4.53E+00,5.12E+00,,,
4.73,4.53E+00,5.13E+00,,,
4.74,4.53E+00,5.14E+00,,,
4.75,4.53E+00,5.13E+00,,,
4.76,4.53E+00,5.12E+00,,,
4.77,4.54E+00,5.11E+00,,,
4.78,4.54E+00,5.12E+00,,,
4.79,4.55E+00,5.12E+00,,,
4.8,4.55E+00,5.12E+00,,,
4.81,4.55E+00,5.12E+00,,,
4.82,4.56E+00,5.11E+00,,,
4.83,4.56E+00,5.11E+00,,,
4.84,4.56E+00,5.10E+00,,,
4.85,4.57E+00,5.08E+00,,,
4.86,4.56E+00,5.08E+00,,,
4.87,4.56E+00,5.07E+00,,,
4.88,4.55E+00,5.07E+00,,,
4.89,4.54E+00,5.05E+00,,,
4.9,4.54E+00,5.03E+00,,,
4.91,4.54E+00,5.02E+00,,,
4.92,4.55E+00,5.03E+00,,,
4.93,4.54E+00,5.03E+00,,,
4.94,4.54E+00,5.01E+00,,,
4.95,4.54E+00,5.00E+00,,,
4.96,4.53E+00,5.02E+00,,,
4.97,4.53E+00,5.05E+00,,,
4.98,4.53E+00,5.05E+00,,,
4.99,4.52E+00,5.05E+00,,,
5,4.51E+00,5.04E+00,,,
5.01,4.49E+00,5.04E+00,,,
5.02,4.48E+00,5.04E+00,,,
5.03,4.48E+00,5.05E+00,,,
5.04,4.47E+00,5.05E+00,,,
5.05,4.47E+00,5.05E+00,,,
5.06,4.47E+00,5.05E+00,,,
5.07,4.47E+00,5.05E+00,,,
5.08,4.47E+00,5.06E+00,,,
5.09,4.46E+00,5.06E+00,,,
5.1,4.46E+00,5.05E+00,,,
5.11,4.47E+00,5.07E+00,,,
5.12,4.46E+00,5.09E+00,,,
5.13,4.46E+00,5.10E+00,,,
5.14,4.45E+00,5.11E+00,,,
5.15,4.45E+00,5.11E+00,,,
5.16,4.45E+00,5.12E+00,,,
5.17,4.45E+00,5.12E+00,,,
5.18,4.45E+00,5.11E+00,,,
5.19,4.45E+00,5.09E+00,,,
5.2,4.45E+00,5.08E+00,,,
5.21,4.45E+00,5.07E+00,,,
5.22,4.46E+00,5.07E+00,,,
5.23,4.46E+00,5.08E+00,,,
5.24,4.46E+00,5.08E+00,,,
5.25,4.47E+00,5.08E+00,,,
5.26,4.47E+00,5.08E+00,,,
5.27,4.48E+00,5.07E+00,,,
5.28,4.48E+00,5.06E+00,,,
5.29,4.48E+00,5.05E+00,,,
5.3,4.48E+00,5.04E+00,,,
5.31,4.49E+00,5.03E+00,,,
5.32,4.50E+00,5.01E+00,,,
5.33,4.50E+00,4.98E+00,,,
5.34,4.50E+00,4.96E+00,,,
5.35,4.49E+00,4.95E+00,,,
5.36,4.49E+00,4.96E+00,,,
5.37,4.48E+00,4.96E+00,,,
5.38,4.49E+00,4.96E+00,,,
5.39,4.49E+00,4.95E+00,,,
5.4,4.48E+00,4.95E+00,,,
5.41,4.47E+00,4.95E+00,,,
5.42,4.45E+00,4.95E+00,,,
5.43,4.45E+00,4.95E+00,,,
5.44,4.45E+00,4.95E+00,,,
5.45,4.46E+00,4.94E+00,,,
5.46,4.48E+00,4.93E+00,,,
5.47,4.49E+00,4.93E+00,,,
5.48,4.50E+00,4.92E+00,,,
5.49,4.52E+00,4.92E+00,,,
5.5,4.53E+00,4.92E+00,,,
5.51,4.54E+00,4.92E+00,,,
5.52,4.55E+00,4.93E+00,,,
5.53,4.56E+00,4.94E+00,,,
5.54,4.56E+00,4.95E+00,,,
5.55,4.55E+00,4.95E+00,,,
5.56,4.55E+00,4.96E+00,,,
5.57,4.55E+00,4.96E+00,,,
5.58,4.56E+00,4.96E+00,,,
5.59,4.56E+00,4.97E+00,,,
5.6,4.56E+00,4.97E+00,,,
5.61,4.56E+00,4.98E+00,,,
5.62,4.57E+00,4.98E+00,,,
5.63,4.57E+00,4.99E+00,,,
5.64,4.56E+00,5.00E+00,,,
5.65,4.56E+00,5.00E+00,,,
5.66,4.56E+00,4.99E+00,,,
5.67,4.56E+00,4.99E+00,,,
5.68,4.56E+00,4.98E+00,,,
5.69,4.56E+00,4.99E+00,,,
5.7,4.56E+00,4.99E+00,,,
5.71,4.56E+00,4.99E+00,,,
5.72,4.56E+00,4.99E+00,,,
5.73,4.55E+00,4.97E+00,,,
5.74,4.54E+00,4.95E+00,,,
5.75,4.54E+00,4.95E+00,,,
5.76,4.54E+00,4.97E+00,,,
5.77,4.54E+00,4.99E+00,,,
5.78,4.53E+00,5.02E+00,,,
5.79,4.52E+00,5.04E+00,,,
5.8,4.51E+00,5.06E+00,,,
5.81,4.51E+00,5.07E+00,,,
5.82,4.50E+00,5.08E+00,,,
5.83,4.50E+00,5.10E+00,,,
5.84,4.50E+00,5.10E+00,,,
5.85,4.52E+00,5.10E+00,,,
5.86,4.53E+00,5.09E+00,,,
5.87,4.53E+00,5.09E+00,,,
5.88,4.53E+00,5.09E+00,,,
5.89,4.53E+00,5.09E+00,,,
5.9,4.52E+00,5.09E+00,,,
5.91,4.52E+00,5.10E+00,,,
5.92,4.53E+00,5.12E+00,,,
5.93,4.53E+00,5.13E+00,,,
5.94,4.53E+00,5.14E+00,,,
5.95,4.53E+00,5.13E+00,,,
5.96,4.53E+00,5.12E+00,,,
5.97,4.54E+00,5.11E+00,,,
5.98,4.54E+00,5.12E+00,,,
5.99,4.55E+00,5.12E+00,,,
6,4.55E+00,5.12E+00,,,
6.01,4.55E+00,5.12E+00,,,
6.02,4.56E+00,5.11E+00,,,
6.03,4.56E+00,5.11E+00,,,
6.04,4.56E+00,5.10E+00,,,
6.05,4.56E+00,5.08E+00,,,
6.06,4.56E+00,5.08E+00,,,
6.07,4.56E+00,5.07E+00,,,
6.08,4.55E+00,5.06E+00,,,
6.09,4.54E+00,5.05E+00,,,
6.1,4.54E+00,5.03E+00,,,
6.11,4.54E+00,5.02E+00,,,
6.12,4.55E+00,5.03E+00,,,
6.13,4.54E+00,5.03E+00,,,
6.14,4.54E+00,5.01E+00,,,
6.15,4.54E+00,5.00E+00,,,
6.16,4.53E+00,5.02E+00,,,
6.17,4.53E+00,5.05E+00,,,
6.18,4.53E+00,5.05E+00,,,
6.19,4.52E+00,5.05E+00,,,
6.2,4.51E+00,5.04E+00,,,
6.21,4.49E+00,5.04E+00,,,
6.22,4.48E+00,5.04E+00,,,
6.23,4.48E+00,5.05E+00,,,
6.24,4.47E+00,5.05E+00,,,
6.25,4.47E+00,5.05E+00,,,
6.26,4.47E+00,5.05E+00,,,
6.27,4.46E+00,5.05E+00,,,
6.28,4.46E+00,5.06E+00,,,
6.29,4.46E+00,5.06E+00,,,
6.3,4.46E+00,5.06E+00,,,
6.31,4.47E+00,5.07E+00,,,
6.32,4.46E+00,5.09E+00,,,
6.33,4.46E+00,5.10E+00,,,
6.34,4.45E+00,5.11E+00,,,
6.35,4.45E+00,5.11E+00,,,
6.36,4.45E+00,5.12E+00,,,
6.37,4.45E+00,5.12E+00,,,
6.38,4.45E+00,5.11E+00,,,
6.39,4.45E+00,5.09E+00,,,
6.4,4.45E+00,5.08E+00,,,
6.41,4.45E+00,5.07E+00,,,
6.42,4.46E+00,5.08E+00,,,
6.43,4.46E+00,5.08E+00,,,
6.44,4.46E+00,5.08E+00,,,
6.45,4.47E+00,5.09E+00,,,
6.46,4.47E+00,5.08E+00,,,
6.47,4.48E+00,5.07E+00,,,
6.48,4.48E+00,5.06E+00,,,
6.49,4.48E+00,5.05E+00,,,
6.5,4.48E+00,5.04E+00,,,
6.51,4.49E+00,5.03E+00,,,
6.52,4.50E+00,5.01E+00,,,
6.53,4.50E+00,4.98E+00,,,
6.54,4.50E+00,4.96E+00,,,
6.55,4.49E+00,4.95E+00,,,
6.56,4.48E+00,4.96E+00,,,
6.57,4.48E+00,4.96E+00,,,
6.58,4.49E+00,4.96E+00,,,
6.59,4.48E+00,4.95E+00,,,
6.6,4.48E+00,4.95E+00,,,
6.61,4.47E+00,4.95E+00,,,
6.62,4.45E+00,4.95E+00,,,
6.63,4.45E+00,4.95E+00,,,
6.64,4.45E+00,4.95E+00,,,
6.65,4.46E+00,4.94E+00,,,
6.66,4.48E+00,4.93E+00,,,
6.67,4.49E+00,4.93E+00,,,
6.68,4.50E+00,4.92E+00,,,
6.69,4.52E+00,4.92E+00,,,
6.7,4.53E+00,4.92E+00,,,
6.71,4.54E+00,4.92E+00,,,
6.72,4.55E+00,4.93E+00,,,
6.73,4.56E+00,4.94E+00,,,
6.74,4.56E+00,4.95E+00,,,
6.75,4.55E+00,4.95E+00,,,
6.76,4.55E+00,4.96E+00,,,
6.77,4.55E+00,4.96E+00,,,
6.78,4.56E+00,4.96E+00,,,
6.79,4.56E+00,4.97E+00,,,
6.8,4.56E+00,4.97E+00,,,
6.81,4.56E+00,4.98E+00,,,
6.82,4.57E+00,4.98E+00,,,
6.83,4.57E+00,4.99E+00,,,
6.84,4.56E+00,5.00E+00,,,
6.85,4.56E+00,5.00E+00,,,
6.86,4.56E+00,4.99E+00,,,
6.87,4.56E+00,4.99E+00,,,
6.88,4.56E+00,4.98E+00,,,
6.89,4.56E+00,4.99E+00,,,
6.9,4.56E+00,4.99E+00,,,
6.91,4.56E+00,4.99E+00,,,
6.92,4.56E+00,4.99E+00,,,
6.93,4.55E+00,4.97E+00,,,
6.94,4.54E+00,4.95E+00,,,
6.95,4.54E+00,4.95E+00,,,
6.96,4.54E+00,4.97E+00,,,
6.97,4.54E+00,4.99E+00,,,
6.98,4.53E+00,5.02E+00,,,
6.99,4.52E+00,5.04E+00,,,
7,4.51E+00,5.06E+00,,,
7.01,4.51E+00,5.07E+00,,,
7.02,4.50E+00,5.08E+00,,,
7.03,4.50E+00,5.10E+00,,,
7.04,4.50E+00,5.10E+00,,,
7.05,4.52E+00,5.10E+00,,,
7.06,4.53E+00,5.09E+00,,,
7.07,4.53E+00,5.09E+00,,,
7.08,4.53E+00,5.09E+00,,,
7.09,4.53E+00,5.09E+00,,,
7.1,4.52E+00,5.08E+00,,,
7.11,4.52E+00,5.10E+00,,,
7.12,4.53E+00,5.12E+00,,,
7.13,4.53E+00,5.13E+00,,,
7.14,4.53E+00,5.14E+00,,,
7.15,4.53E+00,5.13E+00,,,
7.16,4.53E+00,5.12E+00,,,
7.17,4.54E+00,5.11E+00,,,
7.18,4.54E+00,5.12E+00,,,
7.19,4.55E+00,5.12E+00,,,
7.2,4.55E+00,5.12E+00,,,
7.21,4.55E+00,5.12E+00,,,
7.22,4.56E+00,5.11E+00,,,
7.23,4.56E+00,5.11E+00,,,
7.24,4.56E+00,5.10E+00,,,
7.25,4.56E+00,5.08E+00,,,
7.26,4.56E+00,5.08E+00,,,
7.27,4.56E+00,5.07E+00,,,
7.28,4.55E+00,5.06E+00,,,
7.29,4.54E+00,5.05E+00,,,
7.3,4.54E+00,5.03E+00,,,
7.31,4.54E+00,5.02E+00,,,
7.32,4.55E+00,5.03E+00,,,
7.33,4.54E+00,5.03E+00,,,
7.34,4.54E+00,5.01E+00,,,
7.35,4.54E+00,5.00E+00,,,
7.36,4.53E+00,5.02E+00,,,
7.37,4.53E+00,5.05E+00,,,
7.38,4.52E+00,5.05E+00,,,
7.39,4.52E+00,5.05E+00,,,
7.4,4.51E+00,5.04E+00,,,
7.41,4.49E+00,5.04E+00,,,
7.42,4.48E+00,5.04E+00,,,
7.43,4.48E+00,5.05E+00,,,
7.44,4.47E+00,5.05E+00,,,
7.45,4.47E+00,5.05E+00,,,
7.46,4.47E+00,5.05E+00,,,
7.47,4.47E+00,5.05E+00,,,
7.48,4.47E+00,5.06E+00,,,
7.49,4.46E+00,5.06E+00,,,
7.5,4.46E+00,5.05E+00,,,
7.51,4.47E+00,5.07E+00,,,
7.52,4.46E+00,5.09E+00,,,
7.53,4.46E+00,5.10E+00,,,
7.54,4.45E+00,5.11E+00,,,
7.55,4.45E+00,5.11E+00,,,
7.56,4.45E+00,5.12E+00,,,
7.57,4.45E+00,5.12E+00,,,
7.58,4.45E+00,5.11E+00,,,
7.59,4.45E+00,5.09E+00,,,
7.6,4.45E+00,5.08E+00,,,
7.61,4.45E+00,5.07E+00,,,
7.62,4.46E+00,5.08E+00,,,
7.63,4.46E+00,5.08E+00,,,
7.64,4.46E+00,5.08E+00,,,
7.65,4.47E+00,5.08E+00,,,
7.66,4.47E+00,5.08E+00,,,
7.67,4.48E+00,5.07E+00,,,
7.68,4.48E+00,5.06E+00,,,
7.69,4.48E+00,5.05E+00,,,
7.7,4.48E+00,5.04E+00,,,
7.71,4.49E+00,5.03E+00,,,
7.72,4.50E+00,5.01E+00,,,
7.73,4.50E+00,4.98E+00,,,
7.74,4.50E+00,4.96E+00,,,
7.75,4.49E+00,4.95E+00,,,
7.76,4.49E+00,4.96E+00,,,
7.77,4.48E+00,4.96E+00,,,
7.78,4.49E+00,4.96E+00,,,
7.79,4.49E+00,4.95E+00,,,
7.8,4.48E+00,4.95E+00,,,
7.81,4.47E+00,4.95E+00,,,
7.82,4.45E+00,4.95E+00,,,
7.83,4.45E+00,4.95E+00,,,
7.84,4.45E+00,4.95E+00,,,
7.85,4.46E+00,4.94E+00,,,
7.86,4.48E+00,4.93E+00,,,
7.87,4.49E+00,4.93E+00,,,
7.88,4.50E+00,4.92E+00,,,
7.89,4.52E+00,4.92E+00,,,
7.9,4.53E+00,4.91E+00,,,
7.91,4.54E+00,4.92E+00,,,
7.92,4.55E+00,4.93E+00,,,
7.93,4.56E+00,4.94E+00,,,
7.94,4.56E+00,4.95E+00,,,
7.95,4.55E+00,4.95E+00,,,
7.96,4.55E+00,4.96E+00,,,
7.97,4.55E+00,4.96E+00,,,
7.98,4.56E+00,4.96E+00,,,
7.99,4.56E+00,4.97E+00,,,
8,4.56E+00,4.97E+00,,,
8.01,4.56E+00,4.98E+00,,,
8.02,4.57E+00,4.98E+00,,,
8.03,4.57E+00,4.99E+00,,,
8.04,4.56E+00,5.00E+00,,,
8.05,4.56E+00,5.00E+00,,,
8.06,4.56E+00,4.99E+00,,,
8.07,4.56E+00,4.99E+00,,,
8.08,4.56E+00,4.98E+00,,,
8.09,4.56E+00,4.99E+00,,,
8.1,4.56E+00,4.99E+00,,,
8.11,4.56E+00,4.99E+00,,,
8.12,4.56E+00,4.99E+00,,,
8.13,4.55E+00,4.97E+00,,,
8.14,4.54E+00,4.95E+00,,,
8.15,4.54E+00,4.95E+00,,,
8.16,4.54E+00,4.97E+00,,,
8.17,4.54E+00,4.99E+00,,,
8.18,4.53E+00,5.02E+00,,,
8.19,4.52E+00,5.04E+00,,,
8.2,4.51E+00,5.06E+00,,,
8.21,4.51E+00,5.07E+00,,,
8.22,4.50E+00,5.08E+00,,,
8.23,4.50E+00,5.10E+00,,,
8.24,4.50E+00,5.10E+00,,,
8.25,4.52E+00,5.10E+00,,,
8.26,4.53E+00,5.09E+00,,,
8.27,4.53E+00,5.09E+00,,,
8.28,4.53E+00,5.09E+00,,,
8.29,4.53E+00,5.09E+00,,,
8.3,4.52E+00,5.08E+00,,,
8.31,4.52E+00,5.10E+00,,,
8.32,4.53E+00,5.12E+00,,,
8.33,4.53E+00,5.13E+00,,,
8.34,4.53E+00,5.14E+00,,,
8.35,4.53E+00,5.13E+00,,,
8.36,4.53E+00,5.12E+00,,,
8.37,4.54E+00,5.11E+00,,,
8.38,4.54E+00,5.12E+00,,,
8.39,4.55E+00,5.12E+00,,,
8.4,4.55E+00,5.12E+00,,,
8.41,4.55E+00,5.12E+00,,,
8.42,4.56E+00,5.11E+00,,,
8.43,4.56E+00,5.11E+00,,,
8.44,4.56E+00,5.10E+00,,,
8.45,4.57E+00,5.08E+00,,,
8.46,4.56E+00,5.08E+00,,,
8.47,4.56E+00,5.07E+00,,,
8.48,4.55E+00,5.06E+00,,,
8.49,4.54E+00,5.05E+00,,,
8.5,4.54E+00,5.03E+00,,,
8.51,4.54E+00,5.02E+00,,,
8.52,4.55E+00,5.03E+00,,,
8.53,4.54E+00,5.03E+00,,,
8.54,4.54E+00,5.01E+00,,,
8.55,4.54E+00,5.00E+00,,,
8.56,4.53E+00,5.02E+00,,,
8.57,4.53E+00,5.05E+00,,,
8.58,4.53E+00,5.05E+00,,,
8.59,4.52E+00,5.05E+00,,,
8.6,4.51E+00,5.04E+00,,,
8.61,4.49E+00,5.04E+00,,,
8.62,4.48E+00,5.04E+00,,,
8.63,4.48E+00,5.05E+00,,,
8.64,4.47E+00,5.05E+00,,,
8.65,4.47E+00,5.05E+00,,,
8.66,4.47E+00,5.05E+00,,,
8.67,4.47E+00,5.05E+00,,,
8.68,4.46E+00,5.06E+00,,,
8.69,4.46E+00,5.06E+00,,,
8.7,4.46E+00,5.06E+00,,,
8.71,4.47E+00,5.07E+00,,,
8.72,4.46E+00,5.09E+00,,,
8.73,4.46E+00,5.10E+00,,,
8.74,4.45E+00,5.11E+00,,,
8.75,4.45E+00,5.11E+00,,,
8.76,4.46E+00,5.12E+00,,,
8.77,4.45E+00,5.12E+00,,,
8.78,4.45E+00,5.11E+00,,,
8.79,4.45E+00,5.09E+00,,,
8.8,4.45E+00,5.08E+00,,,
8.81,4.45E+00,5.07E+00,,,
8.82,4.46E+00,5.07E+00,,,
8.83,4.46E+00,5.08E+00,,,
8.84,4.46E+00,5.08E+00,,,
8.85,4.47E+00,5.08E+00,,,
8.86,4.47E+00,5.08E+00,,,
8.87,4.48E+00,5.07E+00,,,
8.88,4.48E+00,5.06E+00,,,
8.89,4.48E+00,5.05E+00,,,
8.9,4.48E+00,5.04E+00,,,
8.91,4.49E+00,5.03E+00,,,
8.92,4.50E+00,5.01E+00,,,
8.93,4.50E+00,4.98E+00,,,
8.94,4.50E+00,4.96E+00,,,
8.95,4.49E+00,4.95E+00,,,
8.96,4.49E+00,4.96E+00,,,
8.97,4.48E+00,4.96E+00,,,
8.98,4.49E+00,4.96E+00,,,
8.99,4.49E+00,4.95E+00,,,
9,4.48E+00,4.95E+00,,,
9.01,4.47E+00,4.95E+00,,,
9.02,4.45E+00,4.95E+00,,,
9.03,4.45E+00,4.95E+00,,,
9.04,4.45E+00,4.94E+00,,,
9.05,4.46E+00,4.94E+00,,,
9.06,4.48E+00,4.93E+00,,,
9.07,4.49E+00,4.93E+00,,,
9.08,4.50E+00,4.92E+00,,,
9.09,4.52E+00,4.92E+00,,,
9.1,4.53E+00,4.92E+00,,,
9.11,4.54E+00,4.92E+00,,,
9.12,4.55E+00,4.93E+00,,,
9.13,4.56E+00,4.94E+00,,,
9.14,4.56E+00,4.95E+00,,,
9.15,4.55E+00,4.95E+00,,,
9.16,4.55E+00,4.96E+00,,,
9.17,4.55E+00,4.96E+00,,,
9.18,4.56E+00,4.96E+00,,,
9.19,4.56E+00,4.97E+00,,,
9.2,4.56E+00,4.97E+00,,,
9.21,4.56E+00,4.98E+00,,,
9.22,4.57E+00,4.98E+00,,,
9.23,4.57E+00,4.99E+00,,,
9.24,4.56E+00,5.00E+00,,,
9.25,4.56E+00,5.00E+00,,,
9.26,4.56E+00,4.99E+00,,,
9.27,4.56E+00,4.99E+00,,,
9.28,4.56E+00,4.98E+00,,,
9.29,4.56E+00,4.99E+00,,,
9.3,4.56E+00,4.99E+00,,,
9.31,4.56E+00,4.99E+00,,,
9.32,4.56E+00,4.99E+00,,,
9.33,4.55E+00,4.97E+00,,,
9.34,4.54E+00,4.95E+00,,,
9.35,4.54E+00,4.95E+00,,,
9.36,4.54E+00,4.97E+00,,,
9.37,4.54E+00,4.99E+00,,,
9.38,4.53E+00,5.02E+00,,,
9.39,4.52E+00,5.04E+00,,,
9.4,4.51E+00,5.06E+00,,,
9.41,4.51E+00,5.07E+00,,,
9.42,4.50E+00,5.08E+00,,,
9.43,4.50E+00,5.10E+00,,,
9.44,4.50E+00,5.10E+00,,,
9.45,4.52E+00,5.10E+00,,,
9.46,4.53E+00,5.09E+00,,,
9.47,4.53E+00,5.09E+00,,,
9.48,4.53E+00,5.09E+00,,,
9.49,4.53E+00,5.09E+00,,,
9.5,4.52E+00,5.08E+00,,,
9.51,4.52E+00,5.10E+00,,,
9.52,4.53E+00,5.12E+00,,,
9.53,4.53E+00,5.13E+00,,,
9.54,4.53E+00,5.14E+00,,,
9.55,4.53E+00,5.13E+00,,,
9.56,4.53E+00,5.12E+00,,,
9.57,4.54E+00,5.11E+00,,,
9.58,4.54E+00,5.12E+00,,,
9.59,4.55E+00,5.12E+00,,,
9.6,4.55E+00,5.12E+00,,,
9.61,4.55E+00,5.12E+00,,,
9.62,4.56E+00,5.11E+00,,,
9.63,4.56E+00,5.11E+00,,,
9.64,4.56E+00,5.10E+00,,,
9.65,4.56E+00,5.08E+00,,,
9.66,4.56E+00,5.08E+00,,,
9.67,4.56E+00,5.07E+00,,,
9.68,4.55E+00,5.06E+00,,,
9.69,4.54E+00,5.05E+00,,,
9.7,4.54E+00,5.03E+00,,,
9.71,4.54E+00,5.02E+00,,,
9.72,4.55E+00,5.03E+00,,,
9.73,4.54E+00,5.03E+00,,,
9.74,4.54E+00,5.01E+00,,,
9.75,4.54E+00,5.00E+00,,,
9.76,4.54E+00,5.02E+00,,,
9.77,4.53E+00,5.05E+00,,,
9.78,4.53E+00,5.05E+00,,,
9.79,4.52E+00,5.05E+00,,,
9.8,4.51E+00,5.04E+00,,,
9.81,4.49E+00,5.04E+00,,,
9.82,4.48E+00,5.04E+00,,,
9.83,4.48E+00,5.05E+00,,,
9.84,4.47E+00,5.05E+00,,,
9.85,4.47E+00,5.05E+00,,,
9.86,4.47E+00,5.05E+00,,,
9.87,4.47E+00,5.05E+00,,,
9.88,4.47E+00,5.06E+00,,,
9.89,4.46E+00,5.06E+00,,,
9.9,4.46E+00,5.05E+00,,,
9.91,4.47E+00,5.07E+00,,,
9.92,4.46E+00,5.09E+00,,,
9.93,4.46E+00,5.10E+00,,,
9.94,4.45E+00,5.11E+00,,,
9.95,4.45E+00,5.11E+00,,,
9.96,4.46E+00,5.12E+00,,,
9.97,4.45E+00,5.12E+00,,,
9.98,4.45E+00,5.11E+00,,,
9.99,4.45E+00,5.09E+00,,,
10,4.45E+00,5.08E+00,,,
