Time,Mixed Signal
0.0,0.0
0.0005,0.8460217468440862
0.001,1.3715349798529275
0.0015,1.5131861494961203
0.002,1.4312023477132476
0.0025,1.2854283174142982
0.003,1.1125969411892465
0.0035,0.8774084434758024
0.004,0.5561188875105699
0.0045000000000000005,0.16596832710488557
0.005,-0.24144545196099415
0.0055,-0.6115498941756606
0.006,-0.9239732721834274
0.006500000000000001,-1.1769788553300848
0.007,-1.3316832605254894
0.0075,-1.3221561300796496
0.008,-1.1398756449144085
0.0085,-0.8507129169676577
0.009000000000000001,-0.4999575912775215
0.0095,-0.06595245654815683
0.01,0.4461389955329528
0.0105,0.9251957633188389
0.011,1.2307147966245604
0.0115,1.3125849764871782
0.012,1.2106069750011863
0.0125,0.9807106781186549
0.013000000000000001,0.6739490071306256
0.0135,0.3472524111377071
0.014,0.035067011219417174
0.0145,-0.26677973193126303
0.015,-0.5461389955329531
0.0155,-0.733884931076728
0.016,-0.765824216566455
0.0165,-0.6677031144199186
0.017,-0.544680337217405
0.0175,-0.49784386992035157
0.018000000000000002,-0.5528727216063232
0.0185,-0.6242798885321096
0.019,-0.54180853566055
0.0195,-0.18828749344922377
0.02,0.3414454519609934
0.0205,0.7752904167573098
0.021,0.9096629203334091
0.021500000000000002,0.7824289441490829
0.022,0.5719590409425668
0.0225,0.3931503263483932
0.023,0.2533536344185648
0.0235,0.14665123812876346
0.024,0.09424682799104848
0.0245,0.09523699701810599
0.025,0.09999999999999916
0.025500000000000002,0.046184359219201734
0.026000000000000002,-0.09424682799105295
0.0265,-0.2880725943660749
0.027,-0.453353634418565
0.0275,-0.5345716825857022
0.028,-0.571959040942565
0.0285,-0.6410075879117717
0.029,-0.7096629203334078
0.029500000000000002,-0.6338690605199957
0.03,-0.3414454519609934
0.0305,0.04686613721191631
0.031,0.3418085356605495
0.0315,0.4828585322948
0.032,0.5528727216063228
0.0325,0.6392652261576595
0.033,0.7446803372174015
0.0335,0.8091244706572249
0.034,0.7658242165664526
0.0345,0.5924635748394175
0.035,0.3461389955329514
0.035500000000000004,0.1253583756939528
0.036000000000000004,-0.03506701121941906
0.0365,-0.20583105490039577
0.037,-0.47394900713062316
0.0375,-0.8392893218813421
0.038,-1.2106069750011834
0.0385,-1.4540063327244843
0.039,-1.430714796624561
0.0395,-1.0666171195561476
0.04,-0.4461389955329552
0.0405,0.20737381278546568
0.041,0.6999575912775237
0.0415,0.9921342732049672
0.042,1.1398756449144065
0.0425,1.1807347738423375
0.043000000000000003,1.1316832605254874
0.043500000000000004,1.035557499092771
0.044,0.9239732721834266
0.0445,0.7529712504129731
0.045,0.441445451960999
0.0455,-0.02454697086757432
0.046,-0.5561188875105655
0.0465,-1.0188297997131084
0.047,-1.3125969411892442
0.0475,-1.426849673651607
0.048,-1.4312023477132476
0.0485,-1.3717647932588124
0.049,-1.1715349798529267
0.0495,-0.7046003906067746
0.05,3.5978408510392745e-15
0.0505,0.7046003906067756
0.051000000000000004,1.1715349798529293
0.051500000000000004,1.3717647932588108
0.052000000000000005,1.4312023477132485
0.0525,1.4268496736516076
0.053,1.3125969411892473
0.0535,1.0188297997131153
0.054,0.556118887510573
0.0545,0.024546970867580217
0.055,-0.44144545196099433
0.0555,-0.7529712504129713
0.056,-0.9239732721834258
0.0565,-1.0355574990927754
0.057,-1.131683260525491
0.0575,-1.1807347738423417
0.058,-1.139875644914409
0.0585,-0.9921342732049683
0.059000000000000004,-0.6999575912775222
0.059500000000000004,-0.20737381278546063
0.06,0.44613899553294806
0.0605,1.0666171195561462
0.061,1.430714796624564
0.0615,1.4540063327244894
0.062,1.2106069750011892
0.0625,0.8392893218813487
0.063,0.47394900713062876
0.0635,0.205831054900393
0.064,0.03506701121941818
0.0645,-0.12535837569395405
0.065,-0.34613899553295346
0.0655,-0.5924635748394211
0.066,-0.7658242165664617
0.0665,-0.8091244706572274
0.067,-0.744680337217407
0.0675,-0.6392652261576645
0.068,-0.5528727216063241
0.0685,-0.4828585322948007
0.069,-0.3418085356605473
0.0695,-0.046866137211907764
0.07,0.34144545196100423
0.07050000000000001,0.6338690605200089
0.07100000000000001,0.7096629203334077
0.07150000000000001,0.6410075879117743
0.07200000000000001,0.5719590409425653
0.0725,0.5345716825857014
0.073,0.45335363441856663
0.0735,0.28807259436607546
0.074,0.09424682799104807
0.0745,-0.04618435921920289
0.075,-0.10000000000000556
0.0755,-0.09523699701811117
0.076,-0.09424682799105227
0.0765,-0.1466512381287661
0.077,-0.25335363441856656
0.0775,-0.3931503263483912
0.078,-0.5719590409425634
0.0785,-0.7824289441490794
0.079,-0.9096629203334025
0.0795,-0.7752904167573008
0.08,-0.34144545196099757
0.0805,0.18828749344922266
0.081,0.5418085356605518
0.0815,0.6242798885321122
0.082,0.5528727216063253
0.0825,0.49784386992034996
0.083,0.5446803372174027
0.0835,0.6677031144199118
0.084,0.7658242165664488
0.0845,0.7338849310767241
0.085,0.5461389955329522
0.0855,0.2667797319312613
0.08600000000000001,-0.035067011219419734
0.08650000000000001,-0.34725241113770877
0.08700000000000001,-0.6739490071306282
0.08750000000000001,-0.9807106781186555
0.088,-1.2106069750011836
0.0885,-1.3125849764871722
0.089,-1.2307147966245624
0.0895,-0.9251957633188416
0.09,-0.44613899553295716
0.0905,0.06595245654815388
0.091,0.4999575912775205
0.0915,0.8507129169676478
0.092,1.139875644914402
0.0925,1.3221561300796458
0.093,1.3316832605254847
0.0935,1.1769788553300804
0.094,0.9239732721834318
0.0945,0.6115498941756643
0.095,0.24144545196099962
0.0955,-0.16596832710488607
0.096,-0.556118887510575
0.0965,-0.8774084434757996
0.097,-1.112596941189245
0.0975,-1.2854283174142973
0.098,-1.4312023477132454
0.0985,-1.5131861494961187
0.099,-1.371534979852926
0.0995,-0.846021746844086
0.1,7.392120374451396e-15
0.1005,0.8460217468440957
0.101,1.3715349798529253
0.1015,1.5131861494961198
0.10200000000000001,1.4312023477132483
0.10250000000000001,1.285428317414299
0.10300000000000001,1.112596941189244
0.10350000000000001,0.8774084434757934
0.10400000000000001,0.5561188875105628
0.1045,0.16596832710489307
0.105,-0.24144545196098757
0.1055,-0.6115498941756589
0.106,-0.9239732721834274
0.1065,-1.1769788553300784
0.107,-1.3316832605254867
0.1075,-1.322156130079654
0.108,-1.1398756449144118
0.1085,-0.8507129169676608
0.109,-0.49995759127752654
0.1095,-0.06595245654815521
0.11,0.446138995532961
0.1105,0.9251957633188478
0.111,1.2307147966245695
0.1115,1.3125849764871769
0.112,1.2106069750011914
0.1125,0.9807106781186574
0.113,0.6739490071306269
0.1135,0.34725241113770844
0.114,0.03506701121941447
0.1145,-0.26677973193126564
0.115,-0.546138995532957
0.1155,-0.7338849310767339
0.116,-0.7658242165664527
0.1165,-0.667703114419922
0.117,-0.5446803372174086
0.11750000000000001,-0.4978438699203509
0.11800000000000001,-0.5528727216063242
0.11850000000000001,-0.6242798885321058
0.11900000000000001,-0.5418085356605437
0.11950000000000001,-0.18828749344921059
0.12,0.3414454519609933
0.1205,0.7752904167573104
0.121,0.9096629203334136
0.1215,0.7824289441490934
0.122,0.5719590409425734
0.1225,0.3931503263483938
0.123,0.2533536344185681
0.1235,0.14665123812876332
0.124,0.09424682799104744
0.1245,0.09523699701810005
0.125,0.09999999999999586
0.1255,0.04618435921920056
0.126,-0.09424682799105634
0.1265,-0.28807259436607907
0.127,-0.4533536344185705
0.1275,-0.5345716825856983
0.128,-0.5719590409425631
0.1285,-0.6410075879117703
0.129,-0.7096629203334002
0.1295,-0.6338690605199908
0.13,-0.3414454519609869
0.1305,0.046866137211926714
0.131,0.3418085356605576
0.1315,0.48285853229480474
0.132,0.5528727216063198
0.1325,0.6392652261576576
0.133,0.7446803372174022
0.1335,0.8091244706572205
0.134,0.7658242165664498
0.1345,0.5924635748394161
0.135,0.34613899553294714
0.1355,0.12535837569394714
0.136,-0.03506701121942298
0.1365,-0.20583105490040474
0.137,-0.47394900713062416
0.1375,-0.8392893218813462
0.138,-1.2106069750011799
0.1385,-1.4540063327244825
0.139,-1.4307147966245544
0.1395,-1.0666171195561371
0.14,-0.44613899553293956
0.1405,0.20737381278548384
0.14100000000000001,0.6999575912775309
0.14150000000000001,0.9921342732049714
0.14200000000000002,1.1398756449144074
0.14250000000000002,1.1807347738423402
0.14300000000000002,1.1316832605254836
0.14350000000000002,1.0355574990927692
0.14400000000000002,0.9239732721834173
0.1445,0.7529712504129742
0.145,0.4414454519610077
0.1455,-0.024546970867554092
0.146,-0.5561188875105495
0.1465,-1.0188297997130926
0.147,-1.3125969411892375
0.1475,-1.4268496736516072
0.148,-1.43120234771325
0.1485,-1.3717647932588162
0.149,-1.1715349798529298
0.1495,-0.7046003906067847
0.15,-2.5646808791720612e-15
0.1505,0.7046003906067585
0.151,1.1715349798529149
0.1515,1.371764793258805
0.152,1.4312023477132474
0.1525,1.426849673651609
0.153,1.3125969411892517
0.1535,1.0188297997131144
0.154,0.5561188875105809
0.1545,0.0245469708675847
0.155,-0.4414454519609888
0.1555,-0.7529712504129625
0.156,-0.9239732721834252
0.1565,-1.0355574990927783
0.157,-1.1316832605254903
0.1575,-1.1807347738423442
0.158,-1.1398756449144087
0.1585,-0.9921342732049658
0.159,-0.6999575912775226
0.1595,-0.20737381278545938
0.16,0.4461389955329446
0.1605,1.0666171195561447
0.161,1.4307147966245628
0.1615,1.4540063327244912
0.162,1.2106069750011934
0.1625,0.8392893218813503
0.163,0.47394900713062404
0.1635,0.20583105490039558
0.164,0.03506701121940525
0.1645,-0.1253583756939607
0.165,-0.3461389955329551
0.1655,-0.5924635748394191
0.166,-0.7658242165664593
0.1665,-0.8091244706572336
0.167,-0.7446803372174137
0.1675,-0.6392652261576649
0.168,-0.5528727216063268
0.1685,-0.48285853229479636
0.169,-0.3418085356605383
0.1695,-0.046866137211906404
0.17,0.34144545196100506
0.1705,0.6338690605200034
0.171,0.709662920333417
0.1715,0.6410075879117865
0.17200000000000001,0.5719590409425637
0.17250000000000001,0.5345716825857003
0.17300000000000001,0.4533536344185554
0.17350000000000002,0.2880725943660612
0.17400000000000002,0.09424682799103641
0.17450000000000002,-0.04618435921919812
0.17500000000000002,-0.10000000000000274
0.17550000000000002,-0.0952369970181178
0.176,-0.09424682799105588
0.1765,-0.1466512381287746
0.177,-0.2533536344185667
0.1775,-0.39315032634839053
0.178,-0.5719590409425523
0.1785,-0.782428944149066
0.179,-0.9096629203334028
0.1795,-0.7752904167573074
0.18,-0.34144545196099796
0.1805,0.18828749344921872
0.181,0.541808535660553
0.1815,0.6242798885321135
0.182,0.5528727216063236
0.1825,0.49784386992034435
0.183,0.5446803372173904
0.1835,0.6677031144199096
0.184,0.7658242165664441
0.1845,0.7338849310767185
0.185,0.5461389955329542
0.1855,0.26677973193126575
0.186,-0.03506701121941136
0.1865,-0.34725241113770633
0.187,-0.6739490071306214
0.1875,-0.9807106781186401
0.188,-1.2106069750011874
0.1885,-1.3125849764871687
0.189,-1.2307147966245582
0.1895,-0.9251957633188346
0.19,-0.44613899553295694
0.1905,0.0659524565481618
0.191,0.49995759127752304
0.1915,0.8507129169676533
0.192,1.1398756449144092
0.1925,1.3221561300796425
0.193,1.3316832605254814
0.1935,1.1769788553300846
0.194,0.9239732721834291
0.1945,0.6115498941756664
0.195,0.24144545196099296
0.1955,-0.16596832710488843
0.196,-0.5561188875105748
0.1965,-0.8774084434758137
0.197,-1.1125969411892491
0.1975,-1.2854283174142935
0.198,-1.4312023477132438
0.1985,-1.5131861494961223
0.199,-1.3715349798529288
0.1995,-0.8460217468440758
0.2,1.4784240748902792e-14
0.2005,0.846021746844091
0.201,1.3715349798529384
0.2015,1.5131861494961236
0.202,1.4312023477132492
0.2025,1.2854283174143009
0.203,1.1125969411892482
0.20350000000000001,0.8774084434758007
0.20400000000000001,0.5561188875105553
0.20450000000000002,0.16596832710488735
0.20500000000000002,-0.24144545196099199
0.20550000000000002,-0.6115498941756605
0.20600000000000002,-0.9239732721834352
0.20650000000000002,-1.1769788553300908
0.20700000000000002,-1.3316832605255018
0.20750000000000002,-1.3221561300796534
0.20800000000000002,-1.1398756449144083
0.2085,-0.8507129169676753
0.209,-0.49995759127753475
0.2095,-0.06595245654817733
0.21,0.44613899553295217
0.2105,0.9251957633188254
0.211,1.2307147966245684
0.2115,1.3125849764871846
0.212,1.2106069750011947
0.2125,0.980710678118658
0.213,0.6739490071306421
0.2135,0.3472524111377171
0.214,0.03506701121942926
0.2145,-0.26677973193125865
0.215,-0.5461389955329502
0.2155,-0.7338849310767384
0.216,-0.7658242165664629
0.2165,-0.6677031144199452
0.217,-0.5446803372174067
0.2175,-0.4978438699203574
0.218,-0.5528727216063258
0.2185,-0.6242798885321134
0.219,-0.5418085356605415
0.2195,-0.18828749344922802
0.22,0.34144545196100434
0.2205,0.7752904167573066
0.221,0.9096629203334314
0.2215,0.7824289441490868
0.222,0.5719590409425748
0.2225,0.3931503263483978
0.223,0.25335363441857023
0.2235,0.14665123812874828
0.224,0.09424682799104289
0.2245,0.09523699701809642
0.225,0.09999999999999869
0.2255,0.04618435921918758
0.226,-0.09424682799105083
0.2265,-0.2880725943660916
0.227,-0.45335363441856874
0.2275,-0.534571682585701
0.228,-0.5719590409425649
0.2285,-0.641007587911764
0.229,-0.7096629203333938
0.2295,-0.6338690605199926
0.23,-0.34144545196095977
0.2305,0.04686613721191897
0.231,0.3418085356605668
0.2315,0.4828585322948008
0.232,0.5528727216063238
0.2325,0.6392652261576517
0.233,0.7446803372173946
0.2335,0.8091244706572175
0.234,0.7658242165664495
0.23450000000000001,0.5924635748394067
0.23500000000000001,0.3461389955329508
0.23550000000000001,0.12535837569394337
0.23600000000000002,-0.035067011219423155
0.23650000000000002,-0.2058310549004161
0.23700000000000002,-0.47394900713063015
0.23750000000000002,-0.8392893218813351
0.23800000000000002,-1.2106069750011847
0.23850000000000002,-1.4540063327244819
0.23900000000000002,-1.4307147966245415
0.23950000000000002,-1.066617119556139
0.24,-0.4461389955329737
0.2405,0.20737381278542902
0.241,0.6999575912775111
0.2415,0.992134273204947
0.242,1.1398756449144085
0.2425,1.1807347738423346
0.243,1.1316832605254776
0.2435,1.0355574990927725
0.244,0.9239732721834137
0.2445,0.7529712504129791
0.245,0.44144545196100055
0.2455,-0.02454697086755913
0.246,-0.5561188875105411
0.2465,-1.018829799713109
0.247,-1.3125969411892362
0.2475,-1.426849673651609
0.248,-1.4312023477132478
0.2485,-1.3717647932588135
0.249,-1.1715349798529398
0.2495,-0.7046003906067629
0.25,-9.011419703687435e-15
0.2505,0.7046003906067478
0.251,1.1715349798529293
0.2515,1.371764793258805
0.252,1.431202347713241
0.2525,1.426849673651609
0.253,1.3125969411892453
0.2535,1.018829799713127
0.254,0.5561188875105668
0.2545,0.024546970867588065
0.255,-0.44144545196097756
0.2555,-0.7529712504129722
0.256,-0.9239732721834231
0.2565,-1.035557499092788
0.257,-1.1316832605254923
0.2575,-1.180734773842347
0.258,-1.1398756449144192
0.2585,-0.9921342732049578
0.259,-0.699957591277525
0.2595,-0.20737381278544814
0.26,0.4461389955329559
0.2605,1.0666171195561405
0.261,1.4307147966245768
0.2615,1.4540063327244939
0.262,1.210606975001199
0.2625,0.8392893218813585
0.263,0.4739490071306155
0.2635,0.20583105490039527
0.264,0.03506701121940523
0.2645,-0.12535837569395958
0.265,-0.3461389955329534
0.2655,-0.5924635748394325
0.266,-0.7658242165664572
0.2665,-0.8091244706572437
0.267,-0.7446803372174164
0.2675,-0.6392652261576676
0.268,-0.55287272160633
0.2685,-0.48285853229479553
0.269,-0.34180853566053837
0.2695,-0.0468661372119112
0.27,0.34144545196103016
0.2705,0.6338690605200016
0.271,0.7096629203334287
0.2715,0.6410075879117816
0.272,0.5719590409425666
0.2725,0.5345716825857003
0.273,0.45335363441854587
0.2735,0.2880725943660669
0.274,0.09424682799104465
0.2745,-0.04618435921921602
0.275,-0.10000000000000504
0.2755,-0.09523699701812634
0.276,-0.09424682799106573
0.2765,-0.14665123812877912
0.277,-0.25335363441857134
0.2775,-0.3931503263483963
0.278,-0.5719590409425662
0.2785,-0.7824289441490679
0.279,-0.909662920333383
0.2795,-0.7752904167572996
0.28,-0.3414454519609606
0.2805,0.1882874934492396
0.281,0.5418085356605695
0.28150000000000003,0.6242798885321129
0.28200000000000003,0.5528727216063191
0.28250000000000003,0.4978438699203481
0.28300000000000003,0.544680337217384
0.28350000000000003,0.6677031144198906
0.28400000000000003,0.7658242165664526
0.28450000000000003,0.7338849310767122
0.28500000000000003,0.5461389955329509
0.28550000000000003,0.2667797319312429
0.28600000000000003,-0.0350670112194236
0.28650000000000003,-0.34725241113773825
0.28700000000000003,-0.6739490071306352
0.28750000000000003,-0.9807106781186629
0.28800000000000003,-1.2106069750011939
0.2885,-1.31258497648717
0.289,-1.2307147966245553
0.2895,-0.9251957633188557
0.29,-0.4461389955329571
0.2905,0.0659524565481314
0.291,0.49995759127748546
0.2915,0.8507129169676273
0.292,1.1398756449143859
0.2925,1.32215613007963
0.293,1.3316832605254871
0.2935,1.1769788553300808
0.294,0.923973272183444
0.2945,0.6115498941756787
0.295,0.24144545196102055
0.2955,-0.16596832710487303
0.296,-0.5561188875105458
0.2965,-0.877408443475788
0.297,-1.1125969411892345
0.2975,-1.285428317414286
0.298,-1.4312023477132354
0.2985,-1.5131861494961263
0.299,-1.3715349798529368
0.2995,-0.8460217468441209
0.3,-2.1593071399467985e-14
0.3005,0.8460217468440493
0.301,1.3715349798529084
0.3015,1.5131861494961192
0.302,1.4312023477132527
0.3025,1.2854283174143046
0.303,1.112596941189263
0.3035,0.8774084434758088
0.304,0.5561188875105825
0.3045,0.16596832710489431
0.305,-0.24144545196097
0.3055,-0.6115498941756364
0.306,-0.9239732721834201
0.3065,-1.1769788553300777
0.307,-1.3316832605255002
0.3075,-1.322156130079662
0.308,-1.1398756449144358
0.3085,-0.8507129169676699
0.309,-0.499957591277527
0.3095,-0.06595245654816956
0.31,0.4461389955329711
0.3105,0.9251957633188443
0.311,1.2307147966245597
0.3115,1.3125849764871889
0.312,1.2106069750011972
0.3125,0.9807106781186562
0.313,0.673949007130635
0.3135,0.3472524111377128
0.314,0.035067011219420414
0.3145,-0.2667797319312626
0.315,-0.5461389955329577
0.3155,-0.7338849310767246
0.316,-0.7658242165664776
0.3165,-0.6677031144199295
0.317,-0.5446803372174177
0.3175,-0.4978438699203555
0.318,-0.5528727216063254
0.3185,-0.6242798885321044
0.319,-0.5418085356605323
0.3195,-0.18828749344921358
0.32,0.34144545196098103
0.3205,0.7752904167573215
0.321,0.9096629203334189
0.3215,0.7824289441490966
0.322,0.5719590409425778
0.3225,0.3931503263483954
0.323,0.25335363441856235
0.3235,0.14665123812874
0.324,0.09424682799103157
0.3245,0.09523699701810744
0.325,0.0999999999999924
0.3255,0.046184359219191125
0.326,-0.09424682799105841
0.3265,-0.28807259436607574
0.327,-0.4533536344185737
0.3275,-0.5345716825857049
0.328,-0.5719590409425647
0.3285,-0.6410075879117599
0.329,-0.7096629203333834
0.3295,-0.6338690605199757
0.33,-0.34144545196097786
0.3305,0.04686613721193277
0.331,0.3418085356605548
0.3315,0.48285853229479897
0.332,0.5528727216063273
0.3325,0.639265226157649
0.333,0.7446803372173904
0.3335,0.8091244706572073
0.334,0.765824216566436
0.3345,0.5924635748394107
0.335,0.34613899553294664
0.3355,0.12535837569394878
0.336,-0.0350670112194262
0.3365,-0.20583105490040496
0.337,-0.47394900713063737
0.3375,-0.83928932188134
0.338,-1.2106069750011843
0.3385,-1.4540063327244719
0.339,-1.4307147966245541
0.3395,-1.0666171195561223
0.34,-0.44613899553295566
0.3405,0.2073738127854874
0.341,0.6999575912775291
0.3415,0.992134273204961
0.342,1.139875644914398
0.3425,1.1807347738423355
0.343,1.1316832605254656
0.3435,1.03555749909275
0.34400000000000003,0.9239732721834073
0.34450000000000003,0.7529712504129733
0.34500000000000003,0.4414454519609855
0.34550000000000003,-0.024546970867583222
0.34600000000000003,-0.5561188875105705
0.34650000000000003,-1.0188297997131146
0.34700000000000003,-1.312596941189265
0.34750000000000003,-1.4268496736516179
0.34800000000000003,-1.431202347713258
0.34850000000000003,-1.3717647932588017
0.34900000000000003,-1.1715349798529109
0.34950000000000003,-0.7046003906067452
0.35000000000000003,1.9216326976890078e-14
0.35050000000000003,0.7046003906068227
0.35100000000000003,1.1715349798529338
0.35150000000000003,1.3717647932588184
0.352,1.43120234771324
0.3525,1.426849673651613
0.353,1.3125969411892566
0.3535,1.0188297997131421
0.354,0.5561188875106152
0.3545,0.02454697086762713
0.355,-0.4414454519609808
0.3555,-0.7529712504129517
0.356,-0.9239732721834221
0.3565,-1.0355574990927805
0.357,-1.131683260525495
0.3575,-1.1807347738423515
0.358,-1.1398756449144165
0.3585,-0.992134273204998
0.359,-0.6999575912775501
0.3595,-0.207373812785474
0.36,0.4461389955329128
0.3605,1.0666171195561494
0.361,1.4307147966245597
0.3615,1.4540063327245145
0.362,1.2106069750012285
0.3625,0.8392893218813713
0.363,0.47394900713065513
0.3635,0.20583105490040376
0.364,0.035067011219410325
0.3645,-0.1253583756939495
0.365,-0.3461389955329506
0.3655,-0.5924635748394123
0.366,-0.7658242165664692
0.3665,-0.8091244706572557
0.367,-0.7446803372174112
0.3675,-0.6392652261576874
0.368,-0.5528727216063313
0.3685,-0.48285853229480336
0.369,-0.34180853566054686
0.3695,-0.04686613721189471
0.37,0.3414454519610046
0.3705,0.6338690605200167
0.371,0.7096629203334365
0.3715,0.6410075879117769
0.372,0.5719590409425774
0.3725,0.5345716825857
0.373,0.4533536344185598
0.3735,0.2880725943660667
0.374,0.09424682799103129
0.3745,-0.04618435921920568
0.375,-0.10000000000001756
0.3755,-0.09523699701812803
0.376,-0.09424682799106354
0.3765,-0.14665123812877665
0.377,-0.25335363441856845
0.3775,-0.39315032634838454
0.378,-0.5719590409425518
0.3785,-0.7824289441490514
0.379,-0.909662920333397
0.3795,-0.775290416757294
0.38,-0.3414454519609773
0.3805,0.1882874934492196
0.381,0.5418085356605606
0.3815,0.6242798885321166
0.382,0.5528727216063163
0.3825,0.4978438699203533
0.383,0.5446803372173747
0.3835,0.667703114419901
0.384,0.7658242165664364
0.3845,0.7338849310767096
0.385,0.5461389955329513
0.3855,0.2667797319312596
0.386,-0.03506701121940322
0.3865,-0.3472524111377034
0.387,-0.6739490071306291
0.3875,-0.9807106781186457
0.388,-1.210606975001186
0.3885,-1.312584976487172
0.389,-1.2307147966245413
0.3895,-0.9251957633188397
0.39,-0.4461389955329351
0.3905,0.06595245654814408
0.391,0.4999575912775278
0.3915,0.850712916967663
0.392,1.1398756449143912
0.3925,1.3221561300796412
0.393,1.3316832605254723
0.3935,1.1769788553300689
0.394,0.9239732721834168
0.3945,0.6115498941756558
0.395,0.24144545196101408
0.3955,-0.16596832710489726
0.396,-0.5561188875105904
0.3965,-0.8774084434758099
0.397,-1.1125969411892416
0.3975,-1.2854283174142982
0.398,-1.4312023477132465
0.3985,-1.5131861494961176
0.399,-1.3715349798529135
0.3995,-0.8460217468441037
0.4,2.9568481497805584e-14
0.4005,0.8460217468440968
0.401,1.3715349798529346
0.4015,1.5131861494961134
0.402,1.4312023477132487
0.4025,1.2854283174143049
0.403,1.1125969411892398
0.4035,0.8774084434757847
0.404,0.5561188875105731
0.4045,0.16596832710487022
0.405,-0.24144545196099831
0.4055,-0.611549894175661
0.406,-0.9239732721834295
0.40650000000000003,-1.176978855330104
0.40700000000000003,-1.3316832605255136
0.40750000000000003,-1.322156130079663
0.40800000000000003,-1.139875644914404
0.40850000000000003,-0.850712916967666
0.40900000000000003,-0.49995759127753203
0.40950000000000003,-0.06595245654810557
0.41000000000000003,0.44613899553298436
0.41050000000000003,0.9251957633188561
0.41100000000000003,1.2307147966245626
0.41150000000000003,1.312584976487208
0.41200000000000003,1.2106069750011776
0.41250000000000003,0.9807106781186397
0.41300000000000003,0.6739490071306288
0.41350000000000003,0.3472524111377225
0.41400000000000003,0.035067011219384166
0.41450000000000004,-0.2667797319312764
0.41500000000000004,-0.546138995532969
0.41550000000000004,-0.7338849310767332
0.41600000000000004,-0.7658242165664986
0.4165,-0.6677031144199441
0.417,-0.5446803372174102
0.4175,-0.49784386992035834
0.418,-0.5528727216063265
0.4185,-0.6242798885321004
0.419,-0.5418085356605697
0.4195,-0.18828749344919532
0.42,0.3414454519609939
0.4205,0.7752904167572965
0.421,0.9096629203334226
0.4215,0.7824289441491029
0.422,0.5719590409425835
0.4225,0.39315032634840363
0.423,0.2533536344185653
0.4235,0.14665123812877223
0.424,0.09424682799099772
0.4245,0.09523699701808903
0.425,0.09999999999999694
0.4255,0.04618435921919737
0.426,-0.0942468279910308
0.4265,-0.2880725943660857
0.427,-0.45335363441856963
0.4275,-0.5345716825857005
0.428,-0.571959040942563
0.4285,-0.6410075879117403
0.429,-0.7096629203333786
0.4295,-0.6338690605199889
0.43,-0.3414454519610004
0.4305,0.046866137211884394
0.431,0.34180853566056607
0.4315,0.4828585322947989
0.432,0.5528727216063142
0.4325,0.6392652261576542
0.433,0.7446803372173643
0.4335,0.8091244706571967
0.434,0.7658242165664557
0.4345,0.5924635748394201
0.435,0.3461389955329448
0.4355,0.1253583756939421
0.436,-0.035067011219418145
0.4365,-0.20583105490039283
0.437,-0.47394900713060734
0.4375,-0.8392893218813225
0.438,-1.2106069750011577
0.4385,-1.4540063327244737
0.439,-1.4307147966245588
0.4395,-1.0666171195561165
0.44,-0.4461389955329412
0.4405,0.2073738127854522
0.441,0.6999575912775058
0.4415,0.9921342732049605
0.442,1.139875644914397
0.4425,1.1807347738423253
0.443,1.1316832605254858
0.4435,1.0355574990927694
0.444,0.9239732721834026
0.4445,0.7529712504129605
0.445,0.441445451961016
0.4455,-0.024546970867548423
0.446,-0.5561188875105503
0.4465,-1.0188297997131117
0.447,-1.3125969411892489
0.4475,-1.4268496736516134
0.448,-1.43120234771325
0.4485,-1.3717647932588035
0.449,-1.1715349798529122
0.4495,-0.7046003906067877
0.45,-2.1904897352718188e-14
0.4505,0.7046003906067573
0.451,1.1715349798529355
0.4515,1.3717647932588144
0.452,1.4312023477132403
0.4525,1.4268496736516132
0.453,1.3125969411892255
0.4535,1.0188297997130997
0.454,0.5561188875105914
0.4545,0.024546970867602935
0.455,-0.44144545196098695
0.4555,-0.7529712504129813
0.456,-0.9239732721834507
0.4565,-1.0355574990927827
0.457,-1.1316832605254938
0.4575,-1.1807347738423548
0.458,-1.139875644914407
0.4585,-0.9921342732049856
0.459,-0.6999575912775308
0.4595,-0.20737381278548447
0.46,0.44613899553298414
0.4605,1.0666171195561684
0.461,1.430714796624564
0.4615,1.4540063327245045
0.462,1.2106069750012023
0.4625,0.8392893218813443
0.463,0.4739490071306382
0.4635,0.205831054900391
0.464,0.035067011219423565
0.4645,-0.1253583756939738
0.465,-0.34613899553295735
0.4655,-0.592463574839424
0.466,-0.7658242165664684
0.4665,-0.8091244706572734
0.467,-0.7446803372174199
0.4675,-0.6392652261576789
0.468,-0.5528727216063245
0.4685,-0.4828585322947878
0.46900000000000003,-0.3418085356605167
0.46950000000000003,-0.04686613721188513
0.47000000000000003,0.34144545196101367
0.47050000000000003,0.633869060520019
0.47100000000000003,0.7096629203334549
0.47150000000000003,0.6410075879117794
0.47200000000000003,0.571959040942571
0.47250000000000003,0.5345716825856957
0.47300000000000003,0.4533536344185389
0.47350000000000003,0.28807259436604
0.47400000000000003,0.09424682799102957
0.47450000000000003,-0.046184359219212545
0.47500000000000003,-0.10000000000001927
0.47550000000000003,-0.09523699701814184
0.47600000000000003,-0.09424682799107803
0.47650000000000003,-0.14665123812878278
0.47700000000000004,-0.25335363441857134
0.47750000000000004,-0.3931503263484056
0.47800000000000004,-0.5719590409425502
0.47850000000000004,-0.7824289441490633
0.47900000000000004,-0.9096629203333974
0.47950000000000004,-0.7752904167572932
0.48,-0.34144545196099796
0.4805,0.18828749344919093
0.481,0.5418085356605276
0.4815,0.6242798885321151
0.482,0.5528727216063253
0.4825,0.4978438699203525
0.483,0.5446803372173853
0.4835,0.6677031144198661
0.484,0.765824216566423
0.4845,0.7338849310767057
0.485,0.5461389955329656
0.4855,0.2667797319312632
0.486,-0.03506701121940239
0.4865,-0.34725241113768296
0.487,-0.6739490071306093
0.4875,-0.9807106781186183
0.488,-1.210606975001173
0.4885,-1.3125849764871602
0.489,-1.2307147966245522
0.4895,-0.9251957633188601
0.49,-0.44613899553291936
0.4905,0.0659524565481536
0.491,0.499957591277504
0.4915,0.8507129169676386
0.492,1.139875644914372
0.4925,1.3221561300796207
0.493,1.3316832605254738
0.4935,1.1769788553300913
0.494,0.9239732721834478
0.4945,0.6115498941756632
0.495,0.2414454519610178
0.4955,-0.16596832710487017
0.496,-0.5561188875105562
0.4965,-0.8774084434757623
0.497,-1.112596941189247
0.4975,-1.2854283174142944
0.498,-1.4312023477132432
0.4985,-1.5131861494961234
0.499,-1.3715349798529075
0.4995,-0.8460217468441009
0.5,-3.409367170375305e-14
0.5005000000000001,0.8460217468441421
0.501,1.3715349798528873
0.5015000000000001,1.5131861494961112
0.502,1.4312023477132614
0.5025000000000001,1.2854283174142933
0.503,1.1125969411892656
0.5035000000000001,0.8774084434757939
0.504,0.5561188875105749
0.5045000000000001,0.16596832710482917
0.505,-0.24144545196097195
0.5055000000000001,-0.6115498941756788
0.506,-0.9239732721834341
0.5065000000000001,-1.1769788553301415
0.507,-1.3316832605255025
0.5075000000000001,-1.3221561300796558
0.508,-1.1398756449144258
0.5085000000000001,-0.850712916967647
0.509,-0.49995759127753225
0.5095000000000001,-0.06595245654810596
0.51,0.446138995532916
0.5105000000000001,0.925195763318872
0.511,1.2307147966245786
0.5115000000000001,1.3125849764871949
0.512,1.2106069750012025
0.5125,0.9807106781186985
0.513,0.6739490071306428
0.5135,0.3472524111377686
0.514,0.0350670112194259
0.5145,-0.26677973193123317
0.515,-0.5461389955329661
0.5155,-0.7338849310767153
0.516,-0.7658242165664864
0.5165,-0.6677031144199923
0.517,-0.5446803372174356
0.5175,-0.4978438699203493
0.518,-0.5528727216063254
0.5185,-0.6242798885320943
0.519,-0.5418085356605107
0.5195,-0.18828749344925558
0.52,0.34144545196100884
0.5205,0.7752904167573238
0.521,0.9096629203334171
0.5215,0.7824289441491237
0.522,0.5719590409425896
0.5225,0.39315032634842795
0.523,0.25335363441856107
0.5235,0.14665123812874167
0.524,0.09424682799100191
0.5245,0.09523699701809345
0.525,0.09999999999997247
0.5255,0.04618435921918682
0.526,-0.09424682799108619
0.5265,-0.28807259436605825
0.527,-0.4533536344185738
0.5275,-0.5345716825856961
0.528,-0.5719590409425501
0.5285,-0.6410075879117416
0.529,-0.7096629203333839
0.5295,-0.6338690605199656
0.53,-0.3414454519609914
0.5305,0.04686613721191728
0.531,0.34180853566057773
0.5315,0.48285853229478054
0.532,0.5528727216063208
0.5325,0.6392652261576321
0.533,0.7446803372173725
0.5335,0.8091244706572278
0.534,0.7658242165664316
0.5345,0.5924635748394129
0.535,0.3461389955329359
0.5355,0.12535837569396854
0.536,-0.0350670112194271
0.5365,-0.2058310549003848
0.537,-0.47394900713063187
0.5375,-0.8392893218812892
0.538,-1.2106069750011748
0.5385,-1.4540063327244517
0.539,-1.4307147966245553
0.5395,-1.0666171195561782
0.54,-0.44613899553292186
0.5405,0.20737381278544617
0.541,0.699957591277525
0.5415,0.9921342732049638
0.542,1.1398756449144052
0.5425,1.1807347738423306
0.543,1.1316832605254719
0.5435,1.0355574990927514
0.544,0.9239732721833998
0.5445,0.7529712504130018
0.545,0.44144545196099616
0.5455,-0.02454697086754498
0.546,-0.556118887510594
0.5465,-1.0188297997130633
0.547,-1.3125969411892515
0.5475,-1.426849673651609
0.548,-1.4312023477132485
0.5485,-1.371764793258837
0.549,-1.1715349798529129
0.5495,-0.704600390606785
0.55,2.223900660888557e-14
0.5505,0.7046003906067535
0.551,1.1715349798529522
0.5515,1.371764793258781
0.552,1.4312023477132492
0.5525,1.4268496736516174
0.553,1.3125969411892275
0.5535,1.018829799713137
0.554,0.5561188875105619
0.5545,0.024546970867602207
0.555,-0.44144545196099794
0.5555,-0.7529712504129411
0.556,-0.9239732721834504
0.5565,-1.0355574990928147
0.557,-1.1316832605255323
0.5575,-1.1807347738423508
0.558,-1.1398756449144138
0.5585,-0.9921342732049776
0.559,-0.6999575912775144
0.5595,-0.2073738127855021
0.56,0.44613899553300757
0.5605,1.0666171195561076
0.561,1.4307147966245886
0.5615,1.45400633272453
0.562,1.2106069750011736
0.5625,0.8392893218813716
0.5630000000000001,0.47394900713061877
0.5635,0.20583105490040265
0.5640000000000001,0.03506701121938408
0.5645,-0.12535837569394634
0.5650000000000001,-0.3461389955329799
0.5655,-0.592463574839443
0.5660000000000001,-0.7658242165665118
0.5665,-0.809124470657237
0.5670000000000001,-0.7446803372174441
0.5675,-0.6392652261577029
0.5680000000000001,-0.5528727216063325
0.5685,-0.4828585322948203
0.5690000000000001,-0.3418085356605097
0.5695,-0.04686613721184669
0.5700000000000001,0.3414454519610131
0.5705,0.6338690605200382
0.5710000000000001,0.7096629203334405
0.5715,0.6410075879117667
0.5720000000000001,0.5719590409425697
0.5725,0.5345716825857048
0.5730000000000001,0.45335363441852444
0.5735,0.2880725943660617
0.5740000000000001,0.09424682799102767
0.5745,-0.046184359219227374
0.5750000000000001,-0.10000000000003692
0.5755,-0.09523699701813504
0.5760000000000001,-0.09424682799108104
0.5765,-0.14665123812881878
0.577,-0.2533536344185489
0.5775,-0.3931503263483767
0.578,-0.571959040942523
0.5785,-0.782428944149043
0.579,-0.9096629203333827
0.5795,-0.7752904167572701
0.58,-0.34144545196098675
0.5805,0.18828749344921697
0.581,0.5418085356605395
0.5815,0.6242798885321128
0.582,0.5528727216063243
0.5825,0.49784386992033236
0.583,0.544680337217355
0.5835,0.6677031144198917
0.584,0.7658242165664315
0.5845,0.7338849310767009
0.585,0.546138995532957
0.5855,0.26677973193125437
0.586,-0.0350670112193607
0.5865,-0.34725241113769345
0.587,-0.6739490071306045
0.5875,-0.980710678118655
0.588,-1.2106069750011568
0.5885,-1.3125849764871413
0.589,-1.2307147966245362
0.5895,-0.9251957633188376
0.59,-0.4461389955329991
0.5905,0.06595245654817132
0.591,0.49995759127750034
0.5915,0.8507129169676324
0.592,1.13987564491435
0.5925,1.3221561300796274
0.593,1.3316832605254922
0.5935,1.176978855330082
0.594,0.9239732721834468
0.5945,0.6115498941756671
0.595,0.241445451961058
0.5955,-0.16596832710489284
0.596,-0.5561188875105579
0.5965,-0.8774084434758238
0.597,-1.1125969411892118
0.5975,-1.2854283174142982
0.598,-1.4312023477132296
0.5985,-1.5131861494961365
0.599,-1.3715349798529521
0.5995,-0.8460217468440666
0.6,-4.318614279893597e-14
0.6005,0.8460217468440822
0.601,1.3715349798528924
0.6015,1.513186149496116
0.602,1.4312023477132734
0.6025,1.2854283174143128
0.603,1.112596941189269
0.6035,0.8774084434757603
0.604,0.556118887510631
0.6045,0.16596832710487452
0.605,-0.2414454519609568
0.6055,-0.6115498941756716
0.606,-0.9239732721833996
0.6065,-1.1769788553301093
0.607,-1.3316832605255182
0.6075,-1.3221561300796767
0.608,-1.1398756449144354
0.6085,-0.8507129169676613
0.609,-0.4999575912775359
0.6095,-0.06595245654815142
0.61,0.44613899553293174
0.6105,0.9251957633188956
0.611,1.2307147966245473
0.6115,1.3125849764871884
0.612,1.2106069750012067
0.6125,0.9807106781186301
0.613,0.6739490071306795
0.6135,0.34725241113770944
0.614,0.03506701121942318
0.6145,-0.26677973193129
0.615,-0.5461389955329496
0.6155,-0.733884931076744
0.616,-0.7658242165665221
0.6165,-0.667703114419955
0.617,-0.5446803372174343
0.6175,-0.4978438699203738
0.618,-0.5528727216063253
0.6185,-0.6242798885321021
0.619,-0.5418085356605438
0.6195,-0.1882874934491555
0.62,0.34144545196102
0.6205,0.7752904167573409
0.621,0.9096629203334474
0.6215,0.7824289441490988
0.622,0.5719590409425983
0.6225,0.39315032634839125
0.623,0.2533536344185494
0.6235,0.14665123812870948
0.624,0.09424682799103332
0.6245,0.09523699701810209
0.625,0.0999999999999844
0.6255000000000001,0.04618435921916184
0.626,-0.09424682799105505
0.6265000000000001,-0.28807259436611077
0.627,-0.4533536344185763
0.6275000000000001,-0.5345716825857048
0.628,-0.5719590409425671
0.6285000000000001,-0.6410075879117678
0.629,-0.7096629203333502
0.6295000000000001,-0.6338690605199688
0.63,-0.341445451960952
0.6305000000000001,0.04686613721198372
0.631,0.3418085356605369
0.6315000000000001,0.48285853229479486
0.632,0.5528727216063134
0.6325000000000001,0.639265226157631
0.633,0.744680337217383
0.6335000000000001,0.8091244706572126
0.634,0.7658242165664375
0.6345000000000001,0.5924635748393673
0.635,0.346138995532966
0.6355000000000001,0.12535837569392985
0.636,-0.03506701121944325
0.6365000000000001,-0.2058310549004606
0.637,-0.47394900713061927
0.6375000000000001,-0.8392893218813664
0.638,-1.2106069750011539
0.6385000000000001,-1.454006332724477
0.639,-1.4307147966245426
0.6395000000000001,-1.0666171195560772
0.64,-0.446138995532987
0.6405,0.2073738127853773
0.641,0.699957591277525
0.6415,0.9921342732049534
0.642,1.1398756449143803
0.6425,1.180734773842322
0.643,1.1316832605254719
0.6435,1.0355574990927847
0.644,0.9239732721834193
0.6445,0.7529712504129904
0.645,0.441445451961
0.6455,-0.02454697086748254
0.646,-0.5561188875105593
0.6465,-1.0188297997130495
0.647,-1.312596941189269
0.6475,-1.4268496736516014
0.648,-1.4312023477132614
0.6485,-1.3717647932588144
0.649,-1.1715349798529393
0.6495,-0.7046003906068528
0.65,7.265754955248993e-15
0.6505,0.7046003906067522
0.651,1.1715349798529047
0.6515,1.3717647932587953
0.652,1.4312023477132383
0.6525,1.4268496736516172
0.653,1.3125969411892484
0.6535,1.0188297997131428
0.654,0.5561188875105715
0.6545,0.024546970867664705
0.655,-0.4414454519609897
0.6555,-0.7529712504129674
0.656,-0.9239732721834754
0.6565,-1.0355574990927734
0.657,-1.1316832605255067
0.6575,-1.1807347738423675
0.658,-1.1398756449144096
0.6585,-0.9921342732049827
0.659,-0.6999575912775112
0.6595,-0.2073738127854965
0.66,0.44613899553293146
0.6605,1.066617119556114
0.661,1.4307147966245866
0.6615,1.454006332724504
0.662,1.2106069750012116
0.6625,0.8392893218813948
0.663,0.4739490071306328
0.6635,0.20583105490041528
0.664,0.03506701121941398
0.6645,-0.12535837569395497
0.665,-0.34613899553296795
0.6655,-0.5924635748394048
0.666,-0.7658242165664826
0.6665,-0.8091244706572787
0.667,-0.7446803372174376
0.6675,-0.6392652261576764
0.668,-0.5528727216063167
0.6685,-0.48285853229479614
0.669,-0.3418085356605465
0.6695,-0.04686613721190743
0.67,0.34144545196105247
0.6705,0.6338690605200608
0.671,0.7096629203334328
0.6715,0.6410075879118053
0.672,0.5719590409425763
0.6725,0.5345716825857125
0.673,0.4533536344185558
0.6735,0.2880725943660716
0.674,0.09424682799101082
0.6745,-0.04618435921920806
0.675,-0.10000000000003978
0.6755,-0.09523699701814521
0.676,-0.0942468279910941
0.6765,-0.14665123812877495
0.677,-0.2533536344185884
0.6775,-0.39315032634837305
0.678,-0.5719590409425487
0.6785,-0.7824289441490294
0.679,-0.9096629203333764
0.6795,-0.7752904167572673
0.68,-0.34144545196095644
0.6805,0.18828749344923415
0.681,0.5418085356605893
0.6815,0.624279888532112
0.682,0.5528727216063178
0.6825,0.49784386992033886
0.683,0.5446803372173313
0.6835,0.6677031144198557
0.684,0.7658242165664146
0.6845,0.7338849310766933
0.685,0.5461389955329273
0.6855,0.2667797319312752
0.686,-0.035067011219432835
0.6865,-0.34725241113768607
0.687,-0.6739490071306417
0.6875,-0.980710678118628
0.6880000000000001,-1.2106069750011954
0.6885,-1.3125849764871667
0.6890000000000001,-1.230714796624527
0.6895,-0.9251957633188336
0.6900000000000001,-0.4461389955328814
0.6905,0.06595245654811432
0.6910000000000001,0.4999575912775427
0.6915,0.8507129169676355
0.6920000000000001,1.1398756449143694
0.6925,1.322156130079608
0.6930000000000001,1.3316832605254674
0.6935,1.176978855330073
0.6940000000000001,0.9239732721833789
0.6945,0.6115498941756861
0.6950000000000001,0.2414454519609667
0.6955,-0.16596832710485648
0.6960000000000001,-0.5561188875106188
0.6965,-0.8774084434757679
0.6970000000000001,-1.1125969411892735
0.6975,-1.2854283174142949
0.6980000000000001,-1.4312023477132403
0.6985,-1.5131861494961218
0.6990000000000001,-1.3715349798528986
0.6995,-0.846021746844138
0.7000000000000001,5.68607503186325e-14
0.7005,0.8460217468440852
0.7010000000000001,1.3715349798529923
0.7015,1.5131861494961094
0.7020000000000001,1.4312023477132418
0.7025,1.2854283174143166
0.7030000000000001,1.1125969411892103
0.7035,0.877408443475816
0.704,0.5561188875106049
0.7045,0.16596832710491904
0.705,-0.24144545196090283
0.7055,-0.6115498941756372
0.706,-0.9239732721833985
0.7065,-1.1769788553301022
0.707,-1.3316832605254778
0.7075,-1.3221561300796958
0.708,-1.1398756449144942
0.7085,-0.8507129169676861
0.709,-0.49995759127758
0.7095,-0.06595245654813392
0.71,0.44613899553295855
0.7105,0.9251957633188249
0.711,1.2307147966245695
0.7115,1.3125849764871997
0.712,1.2106069750012276
0.7125,0.9807106781186571
0.713,0.6739490071306692
0.7135,0.3472524111377248
0.714,0.03506701121947143
0.7145,-0.26677973193126736
0.715,-0.5461389955329354
0.7155,-0.733884931076765
0.716,-0.7658242165664849
0.7165,-0.667703114419991
0.717,-0.5446803372174851
0.7175,-0.4978438699203904
0.718,-0.5528727216063166
0.7185,-0.6242798885321036
0.719,-0.5418085356605383
0.7195,-0.18828749344921297
0.72,0.3414454519609791
0.7205,0.7752904167573631
0.721,0.9096629203334825
0.7215,0.7824289441490908
0.722,0.5719590409425903
0.7225,0.39315032634838615
0.723,0.2533536344185789
0.7235,0.14665123812874117
0.724,0.09424682799098605
0.7245,0.09523699701807854
0.725,0.09999999999998153
0.7255,0.046184359219207556
0.726,-0.0942468279910856
0.7265,-0.288072594366113
0.727,-0.4533536344185634
0.7275,-0.534571682585713
0.728,-0.5719590409425603
0.7285,-0.641007587911775
0.729,-0.7096629203333412
0.7295,-0.6338690605199268
0.73,-0.34144545196093534
0.7305,0.046866137211936415
0.731,0.3418085356605501
0.7315,0.48285853229480835
0.732,0.5528727216062943
0.7325,0.6392652261576346
0.733,0.7446803372173435
0.7335,0.8091244706571924
0.734,0.7658242165664666
0.7345,0.5924635748394235
0.735,0.3461389955329465
0.7355,0.12535837569392302
0.736,-0.03506701121940835
0.7365,-0.20583105490041026
0.737,-0.4739490071306052
0.7375,-0.8392893218813717
0.738,-1.2106069750010988
0.7385,-1.4540063327244535
0.739,-1.4307147966245253
0.7395,-1.0666171195561323
0.74,-0.44613899553297665
0.7405,0.207373812785518
0.741,0.6999575912774488
0.7415,0.9921342732049496
0.742,1.1398756449143748
0.7425,1.180734773842316
0.743,1.1316832605254967
0.7435,1.035557499092752
0.744,0.923973272183407
0.7445,0.7529712504129445
0.745,0.4414454519610538
0.7455,-0.024546970867585255
0.746,-0.5561188875105498
0.7465,-1.018829799713181
0.747,-1.3125969411892136
0.7475,-1.4268496736516088
0.748,-1.431202347713256
0.7485,-1.3717647932588224
0.749,-1.171534979852935
0.7495,-0.7046003906066953
0.75,-9.752009849846426e-14
0.7505000000000001,0.7046003906067875
0.751,1.1715349798529067
0.7515000000000001,1.3717647932588168
0.752,1.431202347713222
0.7525000000000001,1.4268496736515919
0.753,1.3125969411892393
0.7535000000000001,1.0188297997130906
0.754,0.5561188875106171
0.7545000000000001,0.02454697086755392
0.755,-0.44144545196098256
0.7555000000000001,-0.7529712504130153
0.756,-0.923973272183448
0.7565000000000001,-1.0355574990928111
0.757,-1.1316832605255425
0.7575000000000001,-1.1807347738423497
0.758,-1.139875644914417
0.7585000000000001,-0.9921342732049241
0.759,-0.6999575912774892
0.7595000000000001,-0.20737381278545322
0.76,0.4461389955329371
0.7605000000000001,1.0666171195562282
0.761,1.4307147966245626
0.7615000000000001,1.4540063327244896
0.762,1.2106069750012005
0.7625000000000001,0.839289321881346
0.763,0.4739490071306577
0.7635000000000001,0.2058310549003691
0.764,0.035067011219408965
0.7645000000000001,-0.1253583756939888
0.765,-0.3461389955329495
0.7655000000000001,-0.5924635748394685
0.766,-0.7658242165665045
0.7665000000000001,-0.8091244706572722
0.767,-0.7446803372174168
0.7675000000000001,-0.6392652261576541
0.768,-0.5528727216063293
0.7685,-0.4828585322948276
0.769,-0.3418085356605225
0.7695,-0.04686613721188022
0.77,0.34144545196100895
0.7705,0.6338690605199988
0.771,0.7096629203334198
0.7715,0.6410075879118394
0.772,0.5719590409425966
0.7725,0.5345716825857042
0.773,0.4533536344185511
0.7735,0.28807259436609356
0.774,0.094246827991059
0.7745,-0.04618435921925417
0.775,-0.10000000000003355
0.7755,-0.09523699701814321
0.776,-0.09424682799108344
0.7765,-0.14665123812881092
0.777,-0.2533536344185912
0.7775,-0.39315032634836067
0.778,-0.5719590409425285
0.7785,-0.7824289441490082
0.779,-0.909662920333404
0.7795,-0.775290416757325
0.78,-0.34144545196097636
0.7805,0.18828749344921888
0.781,0.5418085356605659
0.7815,0.6242798885321186
0.782,0.5528727216063072
0.7825,0.4978438699203462
0.783,0.5446803372174075
0.7835,0.6677031144198802
0.784,0.7658242165663763
0.7845,0.7338849310767062
0.785,0.5461389955329324
0.7855,0.26677973193128557
0.786,-0.035067011219445346
0.7865,-0.3472524111376736
0.787,-0.6739490071306169
0.7875,-0.980710678118617
0.788,-1.2106069750011965
0.7885,-1.3125849764871467
0.789,-1.230714796624532
0.7895,-0.9251957633188137
0.79,-0.4461389955329728
0.7905,0.06595245654811856
0.791,0.4999575912775398
0.7915,0.8507129169676114
0.792,1.1398756449144
0.7925,1.3221561300796334
0.793,1.3316832605254316
0.7935,1.176978855330097
0.794,0.9239732721834285
0.7945,0.6115498941757002
0.795,0.24144545196097394
0.7955,-0.16596832710485815
0.796,-0.556118887510563
0.7965,-0.8774084434757876
0.797,-1.1125969411892598
0.7975,-1.285428317414275
0.798,-1.4312023477132385
0.7985,-1.5131861494960928
0.799,-1.3715349798529441
0.7995,-0.8460217468441567
0.8,5.913696299561117e-14
0.8005,0.8460217468440666
0.801,1.3715349798529395
0.8015,1.513186149496138
0.802,1.431202347713262
0.8025,1.28542831741432
0.803,1.112596941189253
0.8035,0.8774084434757965
0.804,0.5561188875105119
0.8045,0.16596832710490117
0.805,-0.24144545196096986
0.8055,-0.6115498941756233
0.806,-0.9239732721834536
0.8065,-1.1769788553300944
0.807,-1.331683260525514
0.8075,-1.3221561300796705
0.808,-1.139875644914427
0.8085,-0.8507129169677102
0.809,-0.49995759127749634
0.8095,-0.0659524565481296
0.81,0.4461389955329848
0.8105,0.9251957633188451
0.811,1.2307147966246232
0.8115,1.3125849764872042
0.812,1.2106069750011794
0.8125,0.9807106781186681
0.8130000000000001,0.6739490071305823
0.8135,0.34725241113772154
0.8140000000000001,0.03506701121940733
0.8145,-0.2667797319312571
0.8150000000000001,-0.5461389955329993
0.8155,-0.7338849310767858
0.8160000000000001,-0.7658242165664831
0.8165,-0.6677031144199665
0.8170000000000001,-0.5446803372174347
0.8175,-0.49784386992038304
0.8180000000000001,-0.552872721606345
0.8185,-0.6242798885321181
0.8190000000000001,-0.5418085356604829
0.8195,-0.18828749344915355
0.8200000000000001,0.34144545196107634
0.8205,0.775290416757396
0.8210000000000001,0.9096629203334237
0.8215,0.7824289441491118
0.8220000000000001,0.5719590409425659
0.8225,0.3931503263484058
0.8230000000000001,0.25335363441850334
0.8235,0.14665123812875133
0.8240000000000001,0.0942468279909761
0.8245,0.09523699701804701
0.8250000000000001,0.10000000000000141
0.8255,0.04618435921918789
0.8260000000000001,-0.09424682799108658
0.8265,-0.28807259436609106
0.8270000000000001,-0.45335363441855286
0.8275,-0.5345716825857053
0.8280000000000001,-0.5719590409425548
0.8285,-0.6410075879117451
0.8290000000000001,-0.7096629203333454
0.8295,-0.633869060519898
0.8300000000000001,-0.34144545196093035
0.8305,0.046866137211963574
0.8310000000000001,0.341808535660558
0.8315,0.4828585322947982
0.8320000000000001,0.5528727216063156
0.8325,0.63926522615763
0.833,0.7446803372173646
0.8335,0.8091244706571721
0.834,0.7658242165664891
0.8345,0.5924635748394145
0.835,0.3461389955329463
0.8355,0.12535837569395508
0.836,-0.03506701121941335
0.8365,-0.20583105490036807
0.837,-0.4739490071305806
0.8375,-0.8392893218813487
0.838,-1.2106069750011552
0.8385,-1.4540063327244324
0.839,-1.430714796624502
0.8395,-1.0666171195561205
0.84,-0.4461389955329984
0.8405,0.20737381278544903
0.841,0.6999575912774959
0.8415,0.9921342732049374
0.842,1.1398756449143677
0.8425,1.1807347738423075
0.843,1.1316832605254947
0.8435,1.0355574990927399
0.844,0.9239732721833845
0.8445,0.7529712504129802
0.845,0.44144545196105645
0.8455,-0.02454697086755222
0.846,-0.5561188875105042
0.8465,-1.018829799713167
0.847,-1.3125969411892027
0.8475,-1.4268496736516172
0.848,-1.4312023477132712
0.8485,-1.371764793258829
0.849,-1.1715349798529382
0.8495,-0.7046003906067791
0.85,-3.29125637469696e-14
0.8505,0.7046003906067064
0.851,1.1715349798528611
0.8515,1.37176479325881
0.852,1.4312023477132263
0.8525,1.4268496736515837
0.853,1.3125969411892429
0.8535,1.0188297997131288
0.854,0.5561188875106353
0.8545,0.02454697086760302
0.855,-0.4414454519609288
0.8555,-0.7529712504130265
0.856,-0.9239732721833941
0.8565,-1.0355574990928291
0.857,-1.1316832605255485
0.8575,-1.1807347738423584
0.858,-1.139875644914413
0.8585,-0.9921342732049581
0.859,-0.6999575912775402
0.8595,-0.2073738127855355
0.86,0.4461389955328609
0.8605,1.0666171195562397
0.861,1.430714796624535
0.8615,1.4540063327245047
0.862,1.2106069750012218
0.8625,0.839289321881385
0.863,0.4739490071306672
0.8635,0.2058310549004274
0.864,0.03506701121943023
0.8645,-0.1253583756940036
0.865,-0.34613899553293087
0.8655,-0.5924635748394643
0.866,-0.7658242165665197
0.8665,-0.8091244706572465
0.867,-0.7446803372174607
0.8675,-0.6392652261576588
0.868,-0.5528727216063473
0.8685,-0.4828585322948124
0.869,-0.3418085356605592
0.8695,-0.04686613721180035
0.87,0.34144545196111203
0.8705,0.6338690605200494
0.871,0.70966292033345
0.8715,0.6410075879118141
0.872,0.5719590409425898
0.8725,0.5345716825857036
0.873,0.45335363441856386
0.8735,0.28807259436601806
0.874,0.0942468279910754
0.8745,-0.04618435921926576
0.875,-0.10000000000006143
0.8755000000000001,-0.09523699701814795
0.876,-0.0942468279911172
0.8765000000000001,-0.14665123812877418
0.877,-0.25335363441855996
0.8775000000000001,-0.39315032634836533
0.878,-0.5719590409425199
0.8785000000000001,-0.7824289441490546
0.879,-0.9096629203333191
0.8795000000000001,-0.7752904167572543
0.88,-0.3414454519609539
0.8805000000000001,0.18828749344926157
0.881,0.5418085356605722
0.8815000000000001,0.6242798885320919
0.882,0.5528727216063246
0.8825000000000001,0.49784386992033214
0.883,0.5446803372174203
0.8835000000000001,0.6677031144198288
0.884,0.7658242165663439
0.8845000000000001,0.7338849310766808
0.885,0.5461389955329465
0.8855000000000001,0.2667797319312517
0.886,-0.03506701121939999
0.8865000000000001,-0.34725241113776595
0.887,-0.6739490071305689
0.8875000000000001,-0.9807106781186739
0.888,-1.210606975001147
0.8885000000000001,-1.312584976487162
0.889,-1.2307147966245198
0.8895000000000001,-0.925195763318804
0.89,-0.44613899553294567
0.8905000000000001,0.06595245654815972
0.891,0.4999575912774957
0.8915000000000001,0.8507129169676897
0.892,1.139875644914395
0.8925000000000001,1.3221561300796099
0.893,1.3316832605254256
0.8935000000000001,1.1769788553300604
0.894,0.9239732721834205
0.8945000000000001,0.6115498941756523
0.895,0.24144545196100498
0.8955000000000001,-0.16596832710493
0.896,-0.556118887510517
0.8965,-0.8774084434757397
0.897,-1.1125969411892747
0.8975,-1.2854283174142553
0.898,-1.4312023477132345
0.8985,-1.5131861494960825
0.899,-1.371534979852947
0.8995,-0.8460217468441616
0.9,-5.909487231232317e-14
0.9005,0.8460217468439871
0.901,1.371534979852894
0.9015,1.513186149496144
0.902,1.431202347713266
0.9025,1.2854283174143397
0.903,1.112596941189238
0.9035,0.8774084434757985
0.904,0.5561188875105578
0.9045,0.16596832710491816
0.905,-0.24144545196093883
0.9055,-0.6115498941755938
0.906,-0.9239732721834858
0.9065,-1.1769788553300553
0.907,-1.331683260525509
0.9075,-1.3221561300796945
0.908,-1.1398756449144667
0.9085,-0.8507129169677247
0.909,-0.4999575912775413
0.9095,-0.0659524565482127
0.91,0.4461389955329164
0.9105,0.9251957633187827
0.911,1.2307147966246246
0.9115,1.3125849764871937
0.912,1.2106069750012063
0.9125,0.980710678118668
0.913,0.6739490071306353
0.9135,0.34725241113771543
0.914,0.03506701121944149
0.9145,-0.2667797319312243
0.915,-0.546138995532976
0.9155,-0.7338849310767359
0.916,-0.765824216566516
0.9165,-0.6677031144199935
0.917,-0.5446803372174683
0.9175,-0.49784386992039525
0.918,-0.552872721606315
0.9185,-0.6242798885320959
0.919,-0.5418085356605731
0.9195,-0.18828749344928947
0.92,0.3414454519610954
0.9205,0.7752904167574178
0.921,0.9096629203334718
0.9215,0.7824289441491536
0.922,0.5719590409425657
0.9225,0.39315032634841873
0.923,0.2533536344185706
0.9235,0.14665123812874215
0.924,0.09424682799097692
0.9245,0.09523699701810079
0.925,0.09999999999996216
0.9255,0.046184359219186476
0.926,-0.09424682799108917
0.9265,-0.28807259436610433
0.927,-0.45335363441857174
0.9275,-0.5345716825856881
0.928,-0.5719590409425742
0.9285,-0.6410075879117568
0.929,-0.7096629203333046
0.9295,-0.6338690605198642
0.93,-0.3414454519609172
0.9305,0.04686613721198868
0.931,0.34180853566055797
0.9315,0.4828585322948083
0.932,0.5528727216063077
0.9325,0.6392652261576061
0.933,0.7446803372173263
0.9335,0.809124470657233
0.934,0.7658242165664237
0.9345,0.5924635748393928
0.935,0.3461389955329333
0.9355,0.12535837569394226
0.936,-0.035067011219426375
0.9365,-0.2058310549003861
0.937,-0.4739490071306732
0.9375,-0.8392893218813051
0.9380000000000001,-1.2106069750011321
0.9385,-1.45400633272441
0.9390000000000001,-1.4307147966245177
0.9395,-1.0666171195561203
0.9400000000000001,-0.4461389955329206
0.9405,0.20737381278544473
0.9410000000000001,0.6999575912774878
0.9415,0.9921342732049188
0.9420000000000001,1.1398756449143927
0.9425,1.1807347738423273
0.9430000000000001,1.1316832605254654
0.9435,1.0355574990927208
0.9440000000000001,0.9239732721833939
0.9445,0.7529712504129803
0.9450000000000001,0.4414454519610142
0.9455,-0.024546970867531617
0.9460000000000001,-0.5561188875106421
0.9465,-1.0188297997130622
0.9470000000000001,-1.3125969411892715
0.9475,-1.426849673651616
0.9480000000000001,-1.431202347713253
0.9485,-1.3717647932588093
0.9490000000000001,-1.1715349798529064
0.9495,-0.7046003906067675
0.9500000000000001,-4.333834189174154e-14
0.9505,0.7046003906067183
0.9510000000000001,1.171534979852995
0.9515,1.3717647932587718
0.9520000000000001,1.4312023477132285
0.9525,1.426849673651601
0.9530000000000001,1.3125969411892418
0.9535,1.0188297997131421
0.9540000000000001,0.5561188875105794
0.9545,0.024546970867623613
0.9550000000000001,-0.44144545196105295
0.9555,-0.7529712504129594
0.9560000000000001,-0.9239732721835008
0.9565,-1.0355574990928478
0.9570000000000001,-1.1316832605255291
0.9575,-1.1807347738423704
0.9580000000000001,-1.1398756449144087
0.9585,-0.9921342732049603
0.9590000000000001,-0.6999575912775484
0.9595,-0.20737381278552364
0.96,0.4461389955328711
0.9605,1.066617119556091
0.961,1.4307147966245473
0.9615,1.4540063327245278
0.962,1.2106069750012582
0.9625,0.8392893218813968
0.963,0.4739490071306813
0.9635,0.20583105490040943
0.964,0.035067011219414065
0.9645,-0.12535837569394917
0.965,-0.3461389955329166
0.9655,-0.5924635748394831
0.966,-0.7658242165664644
0.9665,-0.8091244706572936
0.967,-0.7446803372174816
0.9675,-0.6392652261576828
0.968,-0.5528727216063452
0.9685,-0.482858532294824
0.969,-0.3418085356605483
0.9695,-0.04686613721192431
0.97,0.3414454519609603
0.9705,0.6338690605200833
0.971,0.7096629203334877
0.9715,0.6410075879118223
0.972,0.571959040942583
0.9725,0.5345716825857048
0.973,0.45335363441856136
0.9735,0.28807259436609667
0.974,0.09424682799105864
0.9745,-0.046184359219280595
0.975,-0.10000000000003474
0.9755,-0.09523699701816128
0.976,-0.0942468279911439
0.9765,-0.1466512381287994
0.977,-0.2533536344185855
0.9775,-0.39315032634836844
0.978,-0.5719590409425097
0.9785,-0.7824289441490546
0.979,-0.9096629203333839
0.9795,-0.7752904167572324
0.98,-0.34144545196095405
0.9805,0.1882874934492881
0.981,0.5418085356605831
0.9815,0.6242798885321139
0.982,0.5528727216063252
0.9825,0.4978438699203519
0.983,0.5446803372173807
0.9835,0.6677031144198075
0.984,0.765824216566428
0.9845,0.7338849310766793
0.985,0.5461389955329381
0.9855,0.26677973193125093
0.986,-0.03506701121940633
0.9865,-0.3472524111376585
0.987,-0.673949007130555
0.9875,-0.980710678118674
0.988,-1.2106069750011454
0.9885,-1.3125849764871513
0.989,-1.2307147966245
0.9895,-0.9251957633187783
0.99,-0.44613899553291847
0.9905,0.06595245654815395
0.991,0.49995759127749206
0.9915,0.8507129169676497
0.992,1.1398756449143819
0.9925,1.3221561300795857
0.993,1.3316832605254871
0.9935,1.1769788553300322
0.994,0.9239732721834195
0.9945,0.6115498941756641
0.995,0.24144545196102687
0.9955,-0.16596832710485138
0.996,-0.5561188875105151
0.9965,-0.877408443475865
0.997,-1.112596941189204
0.9975,-1.2854283174142989
0.998,-1.431202347713212
0.9985,-1.5131861494961214
0.999,-1.3715349798529446
0.9995,-0.8460217468440879
